Sample	Names	Reference	Azithromycin	Cefixime	Ceftriaxone	Ciprofloxacin
ERR1067709	GCGS0277	grad2014_2016	0.25	0.008	0.008	0.015
ERR1067710	GCGS0839	grad2014_2016	0.25	0.125	0.015	0.002
ERR1067711	GCGS0605	grad2014_2016	0.25	0.03	0.03	0.015
ERR1067712	GCGS0287	grad2014_2016	0.25	0.008	0.008	0.008
ERR1067713	GCGS0613	grad2014_2016	0.5	0.03	0.03	0.004
ERR1067714	GCGS0766	grad2014_2016	0.25	0.06	0.008	0.004
ERR1067715	GCGS0624	grad2014_2016	0.25	0.03	0.015	2
ERR1067716	GCGS0625	grad2014_2016	0.25	0.03	0.015	2
ERR1067717	GCGS0440	grad2014_2016	0.25	0.015	0.004	0.002
ERR1067718	GCGS0782	grad2014_2016	0.25	0.06	0.008	0.004
ERR1067719	GCGS0647	grad2014_2016	0.25	0.03	0.015	0.008
ERR1067720	GCGS0462	grad2014_2016	0.25	0.015	0.008	0.004
ERR1067721	GCGS0855	grad2014_2016	0.25	0.125	0.03	0.015
ERR1067722	GCGS0673	grad2014_2016	0.25	0.03	0.015	4
ERR1067723	GCGS0294	grad2014_2016	0.25	0.008	0.002	0.004
ERR1067724	GCGS0796	grad2014_2016	0.25	0.06	0.06	8
ERR1067725	GCGS0682	grad2014_2016	0.5	0.03	0.03	0.015
ERR1067726	GCGS0797	grad2014_2016	0.25	0.06	0.03	8
ERR1067727	GCGS0683	grad2014_2016	0.25	0.03	0.06	8
ERR1067728	GCGS0684	grad2014_2016	0.25	0.03	0.03	8
ERR1067729	GCGS0798	grad2014_2016	0.25	0.06	0.06	16
ERR1067730	GCGS0498	grad2014_2016	0.25	0.015	0.008	8
ERR1067731	GCGS0588	grad2014_2016	0.5	0.03	0.03	2
ERR1067732	GCGS0410	grad2014_2016	0.5	0.015	0.008	2
ERR1067733	GCGS0626	grad2014_2016	0.25	0.03	0.015	4
ERR1067734	GCGS0627	grad2014_2016	1	0.063	0.25	32
ERR1067735	GCGS0628	grad2014_2016	0.25	0.03	0.03	4
ERR1067736	GCGS0629	grad2014_2016	0.25	0.03	0.03	4
ERR1067737	GCGS0773	grad2014_2016	0.25	0.06	0.06	4
ERR1067738	GCGS0774	grad2014_2016	0.25	0.06	0.015	4
ERR1067739	GCGS0648	grad2014_2016	0.5	0.03	0.015	0.015
ERR1067740	GCGS0799	grad2014_2016	0.25	0.06	0.015	8
ERR1067741	GCGS0504	grad2014_2016	0.25	0.015	0.008	16
ERR1067742	GCGS0710	grad2014_2016	0.25	0.03	0.015	16
ERR1067743	GCGS0711	grad2014_2016	0.25	0.03	0.015	4
ERR1067745	GCGS0310	grad2014_2016	0.5	0.015	0.004	0.004
ERR1067746	GCGS0538	grad2014_2016	0.5	0.03	0.008	0.004
ERR1067747	GCGS0540	grad2014_2016	0.5	0.03	0.008	0.008
ERR1067748	GCGS0541	grad2014_2016	0.5	0.03	0.008	0.004
ERR1067749	GCGS0547	grad2014_2016	0.5	0.03	0.015	0.008
ERR1067750	GCGS0728	grad2014_2016	0.5	0.06	0.015	0.004
ERR1067751	GCGS0261	grad2014_2016	0.5	0.008	0.004	0.004
ERR1067752	GCGS0318	grad2014_2016	0.25	0.015	0.004	0.004
ERR1067753	GCGS0359	grad2014_2016	0.5	0.015	0.015	0.004
ERR1067754	GCGS0840	grad2014_2016	0.25	0.125	0.06	4
ERR1067755	GCGS0400	grad2014_2016	0.25	0.015	0.015	0.004
ERR1067756	GCGS0843	grad2014_2016	0.25	0.125	0.015	0.004
ERR1067757	GCGS0630	grad2014_2016	0.5	0.03	0.015	0.008
ERR1067758	GCGS0631	grad2014_2016	0.25	0.03	0.03	8
ERR1067759	GCGS0650	grad2014_2016	0.25	0.03	0.015	4
ERR1067760	GCGS0783	grad2014_2016	0.25	0.06	0.015	2
ERR1067761	GCGS0443	grad2014_2016	0.5	0.015	0.004	0.004
ERR1067762	GCGS0651	grad2014_2016	0.25	0.03	0.015	0.008
ERR1067763	GCGS0784	grad2014_2016	0.25	0.06	0.03	0.008
ERR1067764	GCGS0664	grad2014_2016	0.25	0.03	0.03	8
ERR1067765	GCGS0480	grad2014_2016	0.25	0.015	0.015	8
ERR1067766	GCGS0491	grad2014_2016	0.25	0.015	0.015	8
ERR1067767	GCGS0686	grad2014_2016	0.5	0.03	0.03	8
ERR1067768	GCGS0688	grad2014_2016	0.25	0.03	0.015	8
ERR1067769	GCGS0689	grad2014_2016	0.25	0.03	0.03	8
ERR1067770	GCGS0499	grad2014_2016	0.25	0.015	0.015	8
ERR1067771	GCGS0506	grad2014_2016	0.25	0.015	0.015	8
ERR1067772	GCGS0507	grad2014_2016	0.25	0.015	0.015	8
ERR1067773	GCGS0508	grad2014_2016	0.25	0.015	0.015	4
ERR1067774	GCGS0509	grad2014_2016	0.25	0.015	0.015	8
ERR1067775	GCGS0303	grad2014_2016	0.25	0.008	0.002	0.004
ERR1067776	GCGS0718	grad2014_2016	1	0.06	0.06	0.03
ERR1067777	GCGS0525	grad2014_2016	2	0.03	0.004	0.004
ERR1067778	GCGS0870	grad2014_2016	2	1	0.125	0.25
ERR1067779	GCGS0322	grad2014_2016	1	0.015	0.008	0.004
ERR1067780	GCGS0569	grad2014_2016	1	0.03	0.03	0.015
ERR1067781	GCGS0351	grad2014_2016	1	0.015	0.004	0.015
ERR1067782	GCGS0273	grad2014_2016	2	0.008	0.004	0.008
ERR1067783	GCGS0374	grad2014_2016	1	0.015	0.004	0.004
ERR1067784	GCGS0275	grad2014_2016	2	0.008	0.004	0.004
ERR1067785	GCGS0249	grad2014_2016	4	0.004	0.004	0.008
ERR1067786	GCGS0276	grad2014_2016	1	0.008	0.004	0.004
ERR1067787	GCGS0595	grad2014_2016	2	0.03	0.015	0.004
ERR1067788	GCGS0621	grad2014_2016	2	0.03	0.015	0.004
ERR1067789	GCGS0293	grad2014_2016	1	0.008	0.004	0.004
ERR1067790	GCGS0795	grad2014_2016	2	0.06	0.015	0.008
ERR1067791	GCGS0703	grad2014_2016	2	0.03	0.008	0.008
ERR1067792	GCGS0500	grad2014_2016	1	0.015	0.008	0.008
ERR1067793	GCGS0502	grad2014_2016	1	0.015	0.015	0.03
ERR1067794	GCGS0503	grad2014_2016	2	0.015	0.008	0.008
ERR1067795	GCGS0304	grad2014_2016	2	0.015	0.002	0.004
ERR1067796	GCGS0255	grad2014_2016	2	0.008	0.004	0.004
ERR1067797	GCGS0526	grad2014_2016	1	0.03	0.008	0.004
ERR1067798	GCGS0305	grad2014_2016	2	0.015	0.004	0.004
ERR1067799	GCGS0865	grad2014_2016	1	0.032	0.032	0.016
ERR1067800	GCGS0314	grad2014_2016	0.125	0.015	0.008	2
ERR1067801	GCGS0315	grad2014_2016	0.125	0.015	0.008	0.015
ERR1067802	GCGS0316	grad2014_2016	0.5	0.015	0.008	0.015
ERR1067803	GCGS0554	grad2014_2016	0.25	0.03	0.015	0.015
ERR1067804	GCGS0584	grad2014_2016	1	0.03	0.008	0.015
ERR1067805	GCGS0746	grad2014_2016	0.5	0.06	0.06	32
ERR1067806	GCGS0373	grad2014_2016	0.125	0.015	0.008	0.015
ERR1067807	GCGS0425	grad2014_2016	0.5	0.015	0.008	0.015
ERR1067808	GCGS0427	grad2014_2016	0.5	0.015	0.008	0.015
ERR1067809	GCGS0616	grad2014_2016	1	0.03	0.015	0.015
ERR1067810	GCGS0432	grad2014_2016	0.125	0.015	0.008	0.03
ERR1067811	GCGS0620	grad2014_2016	1	0.03	0.008	0.5
ERR1067812	GCGS0433	grad2014_2016	1	0.015	0.008	0.015
ERR1067813	GCGS0781	grad2014_2016	0.063	0.032	0.016	4
ERR1067814	GCGS0459	grad2014_2016	0.25	0.015	0.008	0.015
ERR1067815	GCGS0788	grad2014_2016	0.25	0.06	0.03	2
ERR1067816	GCGS0789	grad2014_2016	0.5	0.06	0.008	0.015
ERR1067817	GCGS0522	grad2014_2016	1	0.015	0.015	0.015
ERR1067818	GCGS0461	grad2014_2016	0.5	0.015	0.008	0.015
ERR1067820	GCGS0475	grad2014_2016	1	0.015	0.015	16
ERR1067821	GCGS0669	grad2014_2016	1	0.03	0.008	0.015
ERR1067822	GCGS0680	grad2014_2016	0.125	0.03	0.015	0.015
ERR1067823	GCGS0919	grad2014_2016	0.5	0.25	0.06	16
ERR1067825	GCGS0827	grad2014_2016	0.5	0.125	0.008	0.015
ERR1067826	GCGS0582	grad2014_2016	0.5	0.03	0.008	0.015
ERR1067827	GCGS0583	grad2014_2016	0.5	0.03	0.008	0.015
ERR1067828	GCGS0747	grad2014_2016	1	0.06	0.015	0.015
ERR1067829	GCGS0748	grad2014_2016	0.5	0.06	0.06	16
ERR1067830	GCGS0749	grad2014_2016	1	0.06	0.03	0.015
ERR1067831	GCGS0524	grad2014_2016	0.25	0.03	0.008	0.004
ERR1067832	GCGS0819	grad2014_2016	0.5	0.125	0.008	0.06
ERR1067833	GCGS0256	grad2014_2016	0.5	0.008	0.004	0.004
ERR1067835	GCGS0324	grad2014_2016	0.5	0.015	0.015	0.004
ERR1067836	GCGS0265	grad2014_2016	0.5	0.008	0.004	0.008
ERR1067837	GCGS1104	grad2014_2016	0.25	0.03	0.03	8
ERR1067838	GCGS0248	grad2014_2016	0.5	0.004	0.002	0.004
ERR1067839	GCGS1097	grad2014_2016	0.25	0.06	0.03	0.06
ERR1067840	GCGS0362	grad2014_2016	0.5	0.015	0.015	0.015
ERR1067841	GCGS1098	grad2014_2016	0.25	0.03	0.015	2
ERR1067842	GCGS1096	grad2014_2016	0.25	0.03	0.008	0.008
ERR1067843	GCGS0278	grad2014_2016	0.25	0.008	0.004	2
ERR1067844	GCGS0279	grad2014_2016	0.25	0.008	0.008	0.125
ERR1067845	GCGS0281	grad2014_2016	0.5	0.008	0.008	0.015
ERR1067846	GCGS0599	grad2014_2016	0.25	0.03	0.015	0.004
ERR1067847	GCGS0389	grad2014_2016	0.5	0.015	0.008	0.008
ERR1067848	GCGS0390	grad2014_2016	0.5	0.015	0.008	0.004
ERR1067849	GCGS0606	grad2014_2016	0.25	0.03	0.03	4
ERR1067850	GCGS1099	grad2014_2016	0.25	0.06	0.03	16
ERR1067851	GCGS1100	grad2014_2016	0.25	0.015	0.015	4
ERR1067852	GCGS1102	grad2014_2016	0.5	0.06	0.03	16
ERR1067853	GCGS1101	grad2014_2016	0.25	0.008	0.008	8
ERR1067854	GCGS0761	grad2014_2016	0.5	0.06	0.03	0.008
ERR1067855	GCGS0775	grad2014_2016	0.25	0.06	0.015	4
ERR1067856	GCGS0442	grad2014_2016	0.25	0.015	0.015	0.008
ERR1067857	GCGS0536	grad2014_2016	0.25	0.03	0.015	0.008
ERR1067858	GCGS0309	grad2014_2016	0.5	0.015	0.015	0.015
ERR1067859	GCGS0546	grad2014_2016	0.25	0.03	0.008	0.004
ERR1067860	GCGS0734	grad2014_2016	0.25	0.06	0.03	0.008
ERR1067861	GCGS0735	grad2014_2016	0.5	0.06	0.03	0.015
ERR1067862	GCGS0270	grad2014_2016	0.25	0.008	0.008	0.015
ERR1067863	GCGS0364	grad2014_2016	0.25	0.015	0.015	0.008
ERR1067864	GCGS0365	grad2014_2016	0.25	0.015	0.015	0.008
ERR1067865	GCGS0366	grad2014_2016	0.5	0.015	0.015	0.015
ERR1067866	GCGS0407	grad2014_2016	0.25	0.015	0.015	0.008
ERR1067867	GCGS0286	grad2014_2016	0.25	0.008	0.008	0.008
ERR1067868	GCGS0251	grad2014_2016	0.25	0.004	0.004	0.008
ERR1067869	GCGS0702	grad2014_2016	0.25	0.03	0.015	0.015
ERR1067870	GCGS0501	grad2014_2016	0.25	0.015	0.008	0.008
ERR1067871	GCGS0709	grad2014_2016	0.25	0.03	0.015	0.06
ERR1067872	GCGS0812	grad2014_2016	0.25	0.06	0.03	0.015
ERR1067873	GCGS0306	grad2014_2016	0.25	0.015	0.015	0.008
ERR1067874	GCGS0726	grad2014_2016	0.5	0.06	0.03	0.004
ERR1067875	GCGS0317	grad2014_2016	0.25	0.015	0.008	0.008
ERR1067876	GCGS0829	grad2014_2016	0.25	0.125	0.03	0.008
ERR1067877	GCGS0736	grad2014_2016	0.25	0.06	0.03	0.015
ERR1067878	GCGS0830	grad2014_2016	0.25	0.125	0.06	0.015
ERR1067879	GCGS0831	grad2014_2016	0.25	0.125	0.06	0.015
ERR1067880	GCGS0565	grad2014_2016	0.5	0.03	0.03	0.008
ERR1067881	GCGS0245	grad2014_2016	0.25	0.002	0.004	0.004
ERR1067882	GCGS0845	grad2014_2016	0.25	0.125	0.015	0.015
ERR1067883	GCGS0439	grad2014_2016	0.5	0.015	0.008	0.004
ERR1067884	GCGS1103	grad2014_2016	0.25	0.03	0.015	0.004
ERR1067885	GCGS0537	grad2014_2016	0.25	0.03	0.015	0.015
ERR1067886	GCGS0727	grad2014_2016	0.5	0.06	0.015	0.004
ERR1067887	GCGS0737	grad2014_2016	0.5	0.06	0.03	0.015
ERR1067888	GCGS0566	grad2014_2016	0.25	0.03	0.03	0.008
ERR1067889	GCGS0358	grad2014_2016	0.25	0.015	0.008	0.008
ERR1067890	GCGS0385	grad2014_2016	0.25	0.015	0.015	8
ERR1082156	GCGS0411	grad2014_2016	1	0.015	0.015	4
ERR1082157	GCGS0412	grad2014_2016	1	0.015	0.015	0.015
ERR1082158	GCGS0413	grad2014_2016	1	0.015	0.008	4
ERR1082159	GCGS0414	grad2014_2016	1	0.015	0.015	4
ERR1082160	GCGS0760	grad2014_2016	1	0.06	0.03	0.008
ERR1082161	GCGS0415	grad2014_2016	1	0.015	0.015	4
ERR1082162	GCGS0252	grad2014_2016	2	0.004	0.002	0.008
ERR1082163	GCGS0288	grad2014_2016	4	0.008	0.008	0.004
ERR1082164	GCGS0253	grad2014_2016	1	0.004	0.001	0.004
ERR1082165	GCGS0434	grad2014_2016	1	0.015	0.008	0.004
ERR1082166	GCGS0444	grad2014_2016	1	0.015	0.03	16
ERR1082167	GCGS0652	grad2014_2016	1	0.03	0.015	8
ERR1082168	GCGS0490	grad2014_2016	4	0.015	0.008	4
ERR1082169	GCGS0685	grad2014_2016	4	0.03	0.015	0.008
ERR1082170	GCGS0492	grad2014_2016	4	0.015	0.008	0.008
ERR1082171	GCGS0687	grad2014_2016	2	0.03	0.015	0.008
ERR1082172	GCGS0723	grad2014_2016	1	0.06	0.03	0.015
ERR1082174	GCGS0356	grad2014_2016	4	0.015	0.008	0.004
ERR1082175	GCGS0357	grad2014_2016	1	0.015	0.004	0.004
ERR1082176	GCGS0741	grad2014_2016	2	0.06	0.03	0.004
ERR1082177	GCGS0576	grad2014_2016	1	0.03	0.015	0.008
ERR1082178	GCGS0367	grad2014_2016	4	0.015	0.008	0.015
ERR1082179	GCGS0291	grad2014_2016	2	0.008	0.004	0.004
ERR1082180	GCGS0622	grad2014_2016	1	0.03	0.015	0.004
ERR1082181	GCGS0813	grad2014_2016	2	0.06	0.03	0.008
ERR1082182	GCGS0307	grad2014_2016	2	0.015	0.008	0.004
ERR1082183	GCGS0719	grad2014_2016	4	0.06	0.03	0.004
ERR1082184	GCGS0724	grad2014_2016	1	0.06	0.06	0.015
ERR1082185	GCGS0824	grad2014_2016	1	0.125	0.06	0.015
ERR1082187	GCGS0866	grad2014_2016	1	0.032	0.032	0.0169
ERR1082188	GCGS0867	grad2014_2016	1	0.032	0.032	0.016
ERR1082189	GCGS0258	grad2014_2016	4	0.008	0.002	0.004
ERR1082190	GCGS0577	grad2014_2016	2	0.03	0.008	0.008
ERR1082191	GCGS0578	grad2014_2016	2	0.03	0.008	0.008
ERR1082192	GCGS0579	grad2014_2016	2	0.03	0.008	0.008
ERR1082193	GCGS0580	grad2014_2016	1	0.03	0.015	0.008
ERR1082194	GCGS0581	grad2014_2016	2	0.03	0.008	0.008
ERR1082195	GCGS0612	grad2014_2016	1	0.03	0.015	0.015
ERR1082196	GCGS0408	grad2014_2016	1	0.015	0.015	0.008
ERR1082197	GCGS0409	grad2014_2016	1	0.015	0.015	0.004
ERR1082198	GCGS0623	grad2014_2016	2	0.03	0.004	0.004
ERR1082199	GCGS0771	grad2014_2016	1	0.06	0.015	0.004
ERR1082200	GCGS0846	grad2014_2016	1	0.125	0.03	0.015
ERR1082201	GCGS0441	grad2014_2016	1	0.015	0.004	0.004
ERR1082202	GCGS0646	grad2014_2016	1	0.03	0.015	0.015
ERR1082203	GCGS0662	grad2014_2016	1	0.03	0.004	0.008
ERR1082204	GCGS0663	grad2014_2016	1	0.03	0.015	0.008
ERR1082205	GCGS0295	grad2014_2016	4	0.008	0.004	0.008
ERR1082206	GCGS0704	grad2014_2016	4	0.03	0.015	0.008
ERR1082207	GCGS0302	grad2014_2016	4	0.008	0.004	0.004
ERR1082208	GCGS0521	grad2014_2016	1	0.015	0.004	0.004
ERR1082209	GCGS0527	grad2014_2016	4	0.03	0.015	0.004
ERR1082210	GCGS0528	grad2014_2016	2	0.03	0.015	0.004
ERR1082211	GCGS0720	grad2014_2016	4	0.06	0.015	0.004
ERR1082212	GCGS0529	grad2014_2016	4	0.03	0.015	0.004
ERR1082213	GCGS0721	grad2014_2016	4	0.06	0.015	0.004
ERR1082214	GCGS0259	grad2014_2016	2	0.008	0.004	0.004
ERR1082215	GCGS0260	grad2014_2016	2	0.008	0.004	0.004
ERR1082216	GCGS0268	grad2014_2016	1	0.008	0.004	0.004
ERR1082217	GCGS0573	grad2014_2016	1	0.03	0.015	0.03
ERR1082218	GCGS0274	grad2014_2016	2	0.008	0.004	0.004
ERR1082220	GCGS0386	grad2014_2016	2	0.015	0.008	0.004
ERR1082221	GCGS0772	grad2014_2016	2	0.06	0.03	0.004
ERR1082222	GCGS0649	grad2014_2016	4	0.03	0.015	0.004
ERR1082223	GCGS0705	grad2014_2016	2	0.03	0.004	0.004
ERR1082224	GCGS0505	grad2014_2016	2	0.015	0.008	0.008
ERR1082225	GCGS0301	grad2014_2016	2	0.008	0.008	0.002
ERR1082226	GCGS0519	grad2014_2016	4	0.015	0.008	0.002
ERR1082227	GCGS0520	grad2014_2016	4	0.015	0.002	0.002
ERR1082228	GCGS0530	grad2014_2016	1	0.03	0.015	0.008
ERR1082229	GCGS0531	grad2014_2016	4	0.03	0.015	0.004
ERR1082230	GCGS0532	grad2014_2016	4	0.03	0.015	0.004
ERR1082231	GCGS0533	grad2014_2016	4	0.03	0.015	0.004
ERR1082232	GCGS0308	grad2014_2016	4	0.015	0.015	0.004
ERR1082233	GCGS0534	grad2014_2016	4	0.03	0.015	0.004
ERR1082234	GCGS0535	grad2014_2016	4	0.03	0.008	0.004
ERR1082235	GCGS0539	grad2014_2016	1	0.03	0.03	0.015
ERR1082236	GCGS0825	grad2014_2016	1	0.125	0.06	0.03
ERR1082237	GCGS0826	grad2014_2016	1	0.125	0.06	0.03
ERR1082238	GCGS0323	grad2014_2016	2	0.015	0.008	0.004
ERR1082239	GCGS0325	grad2014_2016	1	0.015	0.008	0.004
ERR1082240	GCGS0555	grad2014_2016	2	0.03	0.015	0.015
ERR1082241	GCGS0729	grad2014_2016	1	0.06	0.03	0.004
ERR1082242	GCGS1094	grad2014_2016	1	0.008	0.004	2
ERR1082243	GCGS0264	grad2014_2016	8	0.008	0.008	0.004
ERR1082244	GCGS0266	grad2014_2016	1	0.008	0.004	0.004
ERR1082245	GCGS0340	grad2014_2016	1	0.015	0.008	0.004
ERR1082246	GCGS0341	grad2014_2016	1	0.015	0.015	0.004
ERR1082247	GCGS0269	grad2014_2016	1	0.008	0.004	0.002
ERR1082248	GCGS0342	grad2014_2016	2	0.015	0.015	0.002
ERR1082249	GCGS0343	grad2014_2016	1	0.015	0.015	0.004
ERR1082251	GCGS0738	grad2014_2016	1	0.06	0.03	0.015
ERR1082252	GCGS0570	grad2014_2016	1	0.03	0.03	0.015
ERR1082253	GCGS0589	grad2014_2016	8	0.03	0.015	8
ERR1082254	GCGS0280	grad2014_2016	2	0.008	0.004	0.004
ERR1082255	GCGS0387	grad2014_2016	2	0.015	0.008	0.004
ERR1082256	GCGS0597	grad2014_2016	1	0.03	0.03	16
ERR1082257	GCGS0598	grad2014_2016	1	0.03	0.03	0.03
ERR1082258	GCGS0388	grad2014_2016	1	0.015	0.015	16
ERR1082259	GCGS0282	grad2014_2016	2	0.008	0.004	0.008
ERR1082260	GCGS0600	grad2014_2016	1	0.03	0.015	0.008
ERR1082261	GCGS0283	grad2014_2016	8	0.008	0.004	0.004
ERR1082262	GCGS0607	grad2014_2016	1	0.03	0.03	0.015
ERR1549286	101260	chisholm2016	512	NA	0.016	NA
ERR1549287	101263	chisholm2016	512	NA	0.006	NA
ERR1549288	101264	chisholm2016	512	NA	0.008	NA
ERR1549289	110950	chisholm2016	0.75	NA	0.094	NA
ERR1549290	101261	chisholm2016	512	NA	0.004	NA
ERR1549291	101262	chisholm2016	512	NA	0.006	NA
ERR1549292	110944	chisholm2016	512	NA	0.023	NA
ERR1549293	110951	chisholm2016	512	NA	0.016	NA
ERR1549294	110949	chisholm2016	0.75	NA	0.094	NA
ERR1549295	110948	chisholm2016	0.75	NA	0.094	NA
ERR1549296	110946	chisholm2016	0.5	NA	0.094	NA
ERR1549297	101259	chisholm2016	512	NA	0.008	NA
ERR1549298	110945	chisholm2016	0.5	NA	0.094	NA
ERR1549299	101266	chisholm2016	512	NA	0.012	NA
ERR1549300	110947	chisholm2016	512	NA	0.008	NA
ERR191730	GCGS0001	grad2014_2016	1	0.25	0.125	16
ERR191731	GCGS0002	grad2014_2016	1	0.015	0.03	16
ERR191732	GCGS0003	grad2014_2016	1	0.25	0.125	16
ERR191733	GCGS0004	grad2014_2016	1	0.015	0.03	16
ERR191734	GCGS0005	grad2014_2016	1	0.5	0.06	16
ERR191735	GCGS0006	grad2014_2016	1	0.015	0.03	8
ERR191736	GCGS0007	grad2014_2016	0.5	0.25	0.06	16
ERR191737	GCGS0008	grad2014_2016	0.25	0.015	0.008	1
ERR191738	GCGS0009	grad2014_2016	0.25	0.063	0.032	0.004
ERR191739	GCGS0010	grad2014_2016	0.5	0.015	0.015	0.015
ERR191740	8289_2_11	grad2014	0.25	0.25	0.06	0.015
ERR191741	GCGS0012	grad2014_2016	0.25	0.06	0.06	0.015
ERR191743	GCGS0014	grad2014_2016	0.5	0.06	0.06	0.015
ERR191746	GCGS0017	grad2014_2016	1	0.25	0.06	32
ERR191747	GCGS0018	grad2014_2016	8	0.015	0.008	0.015
ERR191748	GCGS0019	grad2014_2016	1	0.25	0.06	32
ERR191749	GCGS0020	grad2014_2016	0.5	0.015	0.008	2
ERR191750	GCGS0021	grad2014_2016	1	0.25	0.06	32
ERR191751	GCGS0022	grad2014_2016	0.5	0.06	0.06	16
ERR191752	GCGS0023	grad2014_2016	0.5	0.25	0.03	16
ERR191753	GCGS0024	grad2014_2016	0.5	0.06	0.06	4
ERR191754	8289_2_25	grad2014	0.5	0.25	0.06	16
ERR191755	GCGS0026	grad2014_2016	0.5	0.06	0.06	16
ERR191756	GCGS0027	grad2014_2016	0.5	0.25	0.03	32
ERR191757	GCGS0028	grad2014_2016	1	0.015	0.008	8
ERR191758	8289_2_29	grad2014	0.5	0.25	0.06	32
ERR191759	GCGS0030	grad2014_2016	1	0.015	0.008	8
ERR191760	GCGS0031	grad2014_2016	0.5	0.5	0.03	32
ERR191761	GCGS0032	grad2014_2016	0.5	0.03	0.03	16
ERR191762	GCGS0033	grad2014_2016	0.25	0.25	0.06	16
ERR191763	GCGS0034	grad2014_2016	1	0.06	0.06	32
ERR191764	GCGS0035	grad2014_2016	1	0.25	0.125	32
ERR191765	GCGS0036	grad2014_2016	0.5	0.03	0.015	16
ERR191766	GCGS0037	grad2014_2016	0.5	0.5	0.125	32
ERR191767	GCGS0038	grad2014_2016	8	0.015	0.008	0.015
ERR191768	GCGS0039	grad2014_2016	1	0.25	0.125	16
ERR191769	GCGS0040	grad2014_2016	0.125	0.03	0.03	16
ERR191770	GCGS0041	grad2014_2016	1	0.25	0.125	16
ERR191771	GCGS0042	grad2014_2016	1	0.06	0.06	8
ERR191772	GCGS0043	grad2014_2016	1	0.25	0.06	16
ERR191773	GCGS0044	grad2014_2016	0.5	0.06	0.06	16
ERR191774	GCGS0045	grad2014_2016	1	0.25	0.06	16
ERR191775	GCGS0046	grad2014_2016	1	0.125	0.063	16
ERR191776	GCGS0047	grad2014_2016	1	0.25	0.06	16
ERR191777	8289_2_48	grad2014	1	0.06	0.06	16
ERR191778	GCGS0049	grad2014_2016	1	0.25	0.06	16
ERR191779	GCGS0050	grad2014_2016	0.03	0.015	0.008	0.015
ERR191780	GCGS0051	grad2014_2016	0.5	0.25	0.06	16
ERR191781	GCGS0052	grad2014_2016	0.5	0.03	0.06	8
ERR191782	GCGS0053	grad2014_2016	1	0.25	0.125	16
ERR191783	GCGS0054	grad2014_2016	1	0.06	0.06	16
ERR191784	GCGS0055	grad2014_2016	1	0.25	0.06	16
ERR191785	GCGS0056	grad2014_2016	0.5	0.06	0.06	8
ERR191786	GCGS0057	grad2014_2016	0.5	0.25	0.06	16
ERR191787	GCGS0058	grad2014_2016	0.5	0.03	0.03	16
ERR191788	GCGS0059	grad2014_2016	1	0.25	0.125	16
ERR191789	GCGS0060	grad2014_2016	0.5	0.06	0.06	8
ERR191790	8289_2_61	grad2014	0.5	0.5	0.06	32
ERR191791	GCGS0062	grad2014_2016	0.25	0.015	0.015	4
ERR191792	GCGS0063	grad2014_2016	0.5	0.25	0.06	16
ERR191793	GCGS0064	grad2014_2016	1	0.06	0.03	0.015
ERR191794	GCGS0065	grad2014_2016	0.5	0.25	0.06	16
ERR191795	GCGS0066	grad2014_2016	1	0.015	0.008	8
ERR191796	GCGS0067	grad2014_2016	0.5	0.25	0.125	16
ERR191797	GCGS0068	grad2014_2016	0.5	0.015	0.008	8
ERR191798	GCGS0069	grad2014_2016	1	0.25	0.125	16
ERR191799	GCGS0070	grad2014_2016	0.5	0.03	0.015	4
ERR191800	GCGS0071	grad2014_2016	0.5	0.25	0.03	0.015
ERR191801	GCGS0072	grad2014_2016	0.5	0.015	0.008	0.015
ERR191802	GCGS0073	grad2014_2016	0.25	0.25	0.06	0.015
ERR191803	GCGS0074	grad2014_2016	0.25	0.015	0.008	0.015
ERR191804	GCGS0075	grad2014_2016	0.5	0.25	0.06	8
ERR191805	GCGS0076	grad2014_2016	0.25	0.015	0.008	8
ERR191806	GCGS0077	grad2014_2016	1	0.25	0.06	16
ERR191807	GCGS0078	grad2014_2016	0.06	0.015	0.008	4
ERR191808	GCGS0079	grad2014_2016	0.5	0.25	0.06	16
ERR191809	GCGS0080	grad2014_2016	1	0.015	0.06	16
ERR191810	GCGS0081	grad2014_2016	0.125	0.25	0.06	16
ERR191811	GCGS0082	grad2014_2016	0.25	0.06	0.06	16
ERR191812	GCGS0083	grad2014_2016	0.5	0.032	0.032	0.008
ERR191813	GCGS0084	grad2014_2016	1	0.015	0.015	0.015
ERR191814	GCGS0085	grad2014_2016	0.5	0.25	0.03	32
ERR191815	GCGS0086	grad2014_2016	1	0.03	0.015	4
ERR191816	GCGS0087	grad2014_2016	0.5	0.25	0.03	32
ERR191817	GCGS0088	grad2014_2016	0.5	0.125	0.063	16
ERR191818	GCGS0089	grad2014_2016	1	0.25	0.03	32
ERR191819	GCGS0090	grad2014_2016	0.25	0.015	0.008	1
ERR191820	GCGS0091	grad2014_2016	1	0.25	0.06	16
ERR191821	GCGS0092	grad2014_2016	0.25	0.06	0.06	0.015
ERR191822	GCGS0093	grad2014_2016	1	0.25	0.125	16
ERR191823	GCGS0094	grad2014_2016	1	0.03	0.03	8
ERR191824	GCGS0095	grad2014_2016	1	0.25	0.06	16
ERR191825	GCGS0096	grad2014_2016	16	0.03	0.008	0.015
ERR222892	GCGS0193	grad2014_2016	0.5	0.25	0.03	0.015
ERR222893	GCGS0194	grad2014_2016	0.5	0.015	0.03	4
ERR222894	GCGS0195	grad2014_2016	0.5	0.25	0.06	16
ERR222895	GCGS0196	grad2014_2016	1	0.03	0.03	16
ERR222896	GCGS0197	grad2014_2016	0.5	0.25	0.032	0.004
ERR222897	GCGS0198	grad2014_2016	16	0.015	0.008	0.015
ERR222898	GCGS0199	grad2014_2016	0.5	0.25	0.063	0.004
ERR222899	GCGS0200	grad2014_2016	0.125	0.015	0.015	0.015
ERR222900	GCGS0201	grad2014_2016	0.5	0.25	0.063	0.004
ERR222901	GCGS0202	grad2014_2016	8	0.03	0.008	0.015
ERR222902	GCGS0203	grad2014_2016	0.5	0.25	0.06	0.015
ERR222903	GCGS0204	grad2014_2016	8	0.015	0.008	0.015
ERR222904	GCGS0205	grad2014_2016	1	0.25	0.125	16
ERR222905	GCGS0206	grad2014_2016	0.06	0.015	0.008	4
ERR222906	GCGS0207	grad2014_2016	0.5	0.25	0.06	0.015
ERR222907	GCGS0208	grad2014_2016	1	0.015	0.015	8
ERR222908	GCGS0209	grad2014_2016	0.5	0.25	0.03	0.015
ERR222909	GCGS0210	grad2014_2016	0.25	0.03	0.015	1
ERR222910	GCGS0211	grad2014_2016	0.25	0.25	0.03	0.015
ERR222911	GCGS0212	grad2014_2016	0.25	0.03	0.015	1
ERR222912	GCGS0213	grad2014_2016	0.5	0.5	0.063	0.004
ERR222913	GCGS0214	grad2014_2016	0.5	0.015	0.008	2
ERR222914	GCGS0215	grad2014_2016	0.25	0.25	0.03	0.015
ERR222915	GCGS0216	grad2014_2016	0.25	0.015	0.015	2
ERR222916	GCGS0217	grad2014_2016	0.5	0.25	0.03	0.015
ERR222917	GCGS0218	grad2014_2016	16	0.015	0.008	0.015
ERR222918	GCGS0219	grad2014_2016	0.5	0.25	0.03	0.015
ERR222919	GCGS0220	grad2014_2016	0.06	0.015	0.008	2
ERR222920	GCGS0221	grad2014_2016	0.5	0.25	0.03	0.015
ERR222921	8727_5_72	grad2014	0.5	0.015	0.03	4
ERR222922	GCGS0223	grad2014_2016	0.5	0.25	0.03	0.015
ERR222923	GCGS0224	grad2014_2016	8	0.015	0.008	0.015
ERR222924	GCGS0225	grad2014_2016	0.5	0.25	0.03	0.015
ERR222925	GCGS0226	grad2014_2016	16	0.015	0.008	0.015
ERR222926	GCGS0227	grad2014_2016	1	0.25	0.06	16
ERR222927	GCGS0228	grad2014_2016	2	0.015	0.015	0.015
ERR222928	GCGS0229	grad2014_2016	0.5	0.25	0.06	16
ERR222929	GCGS0230	grad2014_2016	8	0.015	0.008	0.015
ERR222930	GCGS0231	grad2014_2016	0.25	0.25	0.03	32
ERR222931	GCGS0232	grad2014_2016	0.5	0.06	0.03	32
ERR222932	GCGS0233	grad2014_2016	0.5	0.25	0.06	32
ERR222933	GCGS0234	grad2014_2016	0.5	0.06	0.03	32
ERR222934	GCGS0235	grad2014_2016	0.25	0.25	0.06	16
ERR222935	GCGS0236	grad2014_2016	0.5	0.06	0.03	32
ERR222936	GCGS0237	grad2014_2016	0.25	0.25	0.06	16
ERR222937	GCGS0238	grad2014_2016	0.5	0.06	0.03	32
ERR222938	8727_5_89	grad2014	0.5	0.5	0.125	16
ERR222939	GCGS0240	grad2014_2016	0.5	0.06	0.06	32
ERR222940	GCGS0241	grad2014_2016	0.5	0.5	0.125	16
ERR222941	GCGS0242	grad2014_2016	0.25	0.063	0.032	4
ERR223603	GCGS0097	grad2014_2016	0.5	0.5	0.125	16
ERR223604	GCGS0098	grad2014_2016	16	0.03	0.008	0.015
ERR223605	GCGS0099	grad2014_2016	1	0.5	0.25	16
ERR223606	GCGS0100	grad2014_2016	0.25	0.06	0.06	0.015
ERR223607	GCGS0101	grad2014_2016	0.125	0.25	0.06	16
ERR223608	GCGS0102	grad2014_2016	16	0.125	0.063	16
ERR223609	GCGS0103	grad2014_2016	0.5	0.25	0.03	16
ERR223610	GCGS0104	grad2014_2016	4	0.125	0.063	16
ERR223611	GCGS0105	grad2014_2016	0.5	0.25	0.06	16
ERR223612	GCGS0106	grad2014_2016	8	0.015	0.008	0.015
ERR223613	GCGS0107	grad2014_2016	0.5	0.25	0.125	16
ERR223614	GCGS0108	grad2014_2016	0.25	0.03	0.06	16
ERR223615	GCGS0109	grad2014_2016	0.5	0.25	0.06	32
ERR223616	GCGS0110	grad2014_2016	16	0.03	0.008	0.015
ERR223617	GCGS0111	grad2014_2016	0.5	0.25	0.25	32
ERR223619	GCGS0113	grad2014_2016	0.5	0.25	0.03	32
ERR223620	GCGS0114	grad2014_2016	0.125	0.015	0.008	2
ERR223621	GCGS0115	grad2014_2016	0.5	0.5	0.06	16
ERR223622	GCGS0116	grad2014_2016	0.06	0.015	0.008	4
ERR223623	GCGS0117	grad2014_2016	0.25	0.25	0.06	16
ERR223624	GCGS0118	grad2014_2016	8	0.03	0.03	0.015
ERR223625	GCGS0119	grad2014_2016	0.25	0.25	0.06	16
ERR223626	GCGS0120	grad2014_2016	8	0.015	0.008	0.015
ERR223627	GCGS0121	grad2014_2016	0.5	0.5	0.06	16
ERR223628	GCGS0122	grad2014_2016	0.25	0.06	0.03	16
ERR223629	GCGS0123	grad2014_2016	0.5	0.25	0.125	16
ERR223630	GCGS0124	grad2014_2016	1	0.125	0.063	16
ERR223631	GCGS0125	grad2014_2016	0.5	0.25	0.06	16
ERR223632	GCGS0126	grad2014_2016	0.25	0.06	0.03	0.015
ERR223633	GCGS0127	grad2014_2016	0.25	0.25	0.03	8
ERR223634	GCGS0128	grad2014_2016	8	0.03	0.008	0.015
ERR223635	GCGS0129	grad2014_2016	0.5	0.25	0.03	32
ERR223636	GCGS0130	grad2014_2016	0.5	0.03	0.03	16
ERR223637	GCGS0131	grad2014_2016	0.5	0.25	0.03	32
ERR223638	GCGS0132	grad2014_2016	0.5	0.06	0.03	16
ERR223639	8727_8_37	grad2014	0.5	0.25	0.03	32
ERR223640	GCGS0134	grad2014_2016	0.5	0.03	0.03	16
ERR223641	GCGS0135	grad2014_2016	0.5	0.5	0.03	16
ERR223642	GCGS0136	grad2014_2016	8	0.03	0.008	0.015
ERR223643	GCGS0137	grad2014_2016	0.5	0.25	0.06	32
ERR223644	GCGS0138	grad2014_2016	16	0.015	0.008	0.015
ERR223645	GCGS0139	grad2014_2016	1	0.25	0.125	32
ERR223646	8727_8_44	grad2014	1	0.06	0.06	32
ERR223647	GCGS0141	grad2014_2016	0.5	0.25	0.06	16
ERR223648	GCGS0142	grad2014_2016	2	0.015	0.008	0.015
ERR223649	GCGS0143	grad2014_2016	0.5	0.25	0.125	16
ERR223650	GCGS0144	grad2014_2016	0.5	0.06	0.03	0.015
ERR223651	GCGS0145	grad2014_2016	1	0.25	0.06	16
ERR223652	GCGS0146	grad2014_2016	0.25	0.03	0.008	1
ERR223653	GCGS0147	grad2014_2016	1	0.25	0.125	16
ERR223654	8727_8_52	grad2014	0.5	0.03	0.015	4
ERR223655	GCGS0149	grad2014_2016	0.5	0.25	0.03	0.015
ERR223656	GCGS0150	grad2014_2016	0.5	0.015	0.015	8
ERR223657	GCGS0151	grad2014_2016	1	0.25	0.06	16
ERR223658	GCGS0152	grad2014_2016	0.5	0.06	0.06	16
ERR223659	GCGS0153	grad2014_2016	0.5	0.25	0.03	0.015
ERR223660	8727_8_58	grad2014	0.5	0.015	0.008	4
ERR223661	GCGS0155	grad2014_2016	1	0.25	0.125	16
ERR223662	GCGS0156	grad2014_2016	16	0.03	0.008	0.015
ERR223663	GCGS0157	grad2014_2016	1	0.25	0.125	16
ERR223664	GCGS0158	grad2014_2016	0.25	0.03	0.03	16
ERR223665	8727_8_63	grad2014	0.5	0.25	0.06	8
ERR223666	GCGS0160	grad2014_2016	1	0.015	0.008	8
ERR223667	GCGS0161	grad2014_2016	0.5	0.25	0.03	0.015
ERR223668	GCGS0162	grad2014_2016	0.5	0.015	0.008	0.015
ERR223669	GCGS0163	grad2014_2016	0.5	0.25	0.25	16
ERR223670	GCGS0164	grad2014_2016	0.25	0.03	0.03	16
ERR223671	GCGS0165	grad2014_2016	1	0.25	0.06	16
ERR223672	GCGS0166	grad2014_2016	1	0.015	0.008	8
ERR223673	GCGS0167	grad2014_2016	0.5	0.25	0.03	0.015
ERR223674	GCGS0168	grad2014_2016	1	0.06	0.06	16
ERR223675	GCGS0169	grad2014_2016	0.5	0.25	0.03	0.015
ERR223676	GCGS0170	grad2014_2016	0.5	0.06	0.06	16
ERR223677	GCGS0171	grad2014_2016	0.5	0.25	0.06	0.015
ERR223678	GCGS0172	grad2014_2016	2	0.015	0.008	0.015
ERR223679	GCGS0173	grad2014_2016	1	0.25	0.06	0.015
ERR223680	GCGS0174	grad2014_2016	16	0.03	0.008	0.015
ERR223681	GCGS0175	grad2014_2016	0.5	0.25	0.06	0.015
ERR223682	GCGS0176	grad2014_2016	16	0.015	0.008	0.015
ERR223683	GCGS0177	grad2014_2016	1	0.25	0.03	4
ERR223684	GCGS0178	grad2014_2016	1	0.03	0.015	16
ERR223685	GCGS0179	grad2014_2016	0.25	0.5	0.06	16
ERR223686	GCGS0180	grad2014_2016	0.25	0.015	0.015	2
ERR223687	GCGS0181	grad2014_2016	0.25	0.5	0.125	16
ERR223688	GCGS0182	grad2014_2016	0.5	0.015	0.008	4
ERR223689	GCGS0183	grad2014_2016	0.25	0.25	0.06	16
ERR223690	GCGS0184	grad2014_2016	0.03	0.015	0.008	2
ERR223691	GCGS0185	grad2014_2016	0.25	0.25	0.06	16
ERR223692	GCGS0186	grad2014_2016	0.25	0.03	0.03	2
ERR223693	GCGS0187	grad2014_2016	0.25	0.25	0.125	16
ERR223694	GCGS0188	grad2014_2016	0.25	0.03	0.015	1
ERR223695	GCGS0189	grad2014_2016	1	0.25	0.06	16
ERR223696	GCGS0190	grad2014_2016	1	0.03	0.03	16
ERR223697	GCGS0191	grad2014_2016	0.5	0.25	0.03	0.015
ERR223698	GCGS0192	grad2014_2016	2	0.03	0.008	0.015
ERR355924	GCGS0013	grad2014_2016	0.25	0.063	0.032	0.004
ERR355925	GCGS0015	grad2014_2016	0.25	0.063	0.032	0.004
ERR355926	GCGS0016	grad2014_2016	0.25	0.06	0.06	0.015
ERR355927	GCGS0112	grad2014_2016	0.25	0.015	0.015	4
ERR854867	GCGS0962	grad2014_2016	0.5	0.25	0.06	16
ERR854868	GCGS0981	grad2014_2016	0.5	0.25	0.06	16
ERR854869	GCGS0883	grad2014_2016	0.5	0.25	0.03	16
ERR854870	GCGS0903	grad2014_2016	0.5	0.25	0.06	16
ERR854871	GCGS0399	grad2014_2016	0.25	0.015	0.008	8
ERR854872	GCGS0567	grad2014_2016	2	0.03	0.008	0.004
ERR854874	GCGS0392	grad2014_2016	8	0.015	0.008	0.004
ERR854875	GCGS0284	grad2014_2016	4	0.008	0.004	0.008
ERR854876	GCGS0417	grad2014_2016	4	0.015	0.015	0.004
ERR854877	GCGS0289	grad2014_2016	8	0.008	0.004	0.004
ERR854878	GCGS0285	grad2014_2016	16	0.008	0.008	0.004
ERR854879	GCGS1026	grad2014_2016	16	NA	0.06	16
ERR854880	GCGS1039	grad2014_2016	4	NA	0.06	0.03
ERR854881	GCGS0763	grad2014_2016	8	0.06	0.015	0.015
ERR854882	GCGS0907	grad2014_2016	0.5	0.032	0.063	16
ERR854883	GCGS0920	grad2014_2016	0.5	0.25	0.125	8
ERR854884	GCGS0944	grad2014_2016	0.5	0.25	0.06	16
ERR854885	GCGS0861	grad2014_2016	1	0.125	0.063	16
ERR854886	GCGS1015	grad2014_2016	0.063	0.032	0.016	4
ERR854887	GCGS0930	grad2014_2016	1	0.25	0.03	16
ERR854888	GCGS1042	grad2014_2016	1	0.25	0.125	16
ERR854889	GCGS1029	grad2014_2016	0.25	1	1	0.125
ERR854890	GCGS1036	grad2014_2016	0.5	0.032	0.063	16
ERR854891	GCGS1035	grad2014_2016	0.5	0.032	0.125	32
ERR854892	GCGS1024	grad2014_2016	0.5	0.032	0.063	16
ERR854893	GCGS1061	grad2014_2016	0.063	0.032	0.016	8
ERR854894	GCGS1057	grad2014_2016	0.5	1	0.25	6
ERR854895	GCGS1078	grad2014_2016	0.5	0.25	0.125	16
ERR854896	GCGS0558	grad2014_2016	1	0.03	0.03	16
ERR854897	GCGS0877	grad2014_2016	1	0.25	0.06	16
ERR854898	GCGS0906	grad2014_2016	0.5	0.25	0.06	16
ERR854899	GCGS0927	grad2014_2016	1	0.25	0.06	16
ERR854900	GCGS0881	grad2014_2016	1	0.25	0.125	16
ERR854901	GCGS0887	grad2014_2016	1	0.25	0.06	16
ERR854902	GCGS1006	grad2014_2016	1	0.25	0.06	16
ERR854903	GCGS0922	grad2014_2016	0.5	0.25	0.06	8
ERR854904	GCGS0943	grad2014_2016	1	0.25	0.06	16
ERR854905	GCGS1095	grad2014_2016	0.5	1	0.5	0.015
ERR854906	GCGS0879	grad2014_2016	0.5	0.25	0.06	16
ERR854907	GCGS0880	grad2014_2016	0.5	0.25	0.125	16
ERR854908	GCGS0961	grad2014_2016	0.5	0.25	0.125	16
ERR854909	GCGS0244	grad2014_2016	1	0.002	0.001	0.004
ERR854910	GCGS0985	grad2014_2016	1	0.25	0.06	16
ERR854911	GCGS0984	grad2014_2016	0.25	0.25	0.06	16
ERR854912	GCGS0960	grad2014_2016	0.5	0.25	0.125	8
ERR854913	GCGS0894	grad2014_2016	0.5	0.25	0.06	16
ERR854914	GCGS0875	grad2014_2016	1	0.25	0.06	16
ERR854915	GCGS0932	grad2014_2016	0.5	0.25	0.06	32
ERR854916	GCGS0905	grad2014_2016	0.5	0.25	0.06	16
ERR854917	GCGS0929	grad2014_2016	1	0.25	0.06	8
ERR854918	GCGS0863	grad2014_2016	1	0.25	0.125	8
ERR854919	GCGS0912	grad2014_2016	0.5	0.25	0.125	16
ERR854920	GCGS0997	grad2014_2016	0.5	0.25	0.06	16
ERR854921	GCGS0864	grad2014_2016	1	0.25	0.125	8
ERR854922	GCGS0876	grad2014_2016	1	0.25	0.06	16
ERR854923	GCGS0915	grad2014_2016	0.5	0.25	0.125	16
ERR854924	GCGS0872	grad2014_2016	0.5	0.25	0.06	16
ERR854925	GCGS0446	grad2014_2016	1	0.015	0.03	16
ERR854926	GCGS0979	grad2014_2016	0.5	0.25	0.06	16
ERR854927	GCGS0938	grad2014_2016	2	1	0.25	16
ERR854928	GCGS0933	grad2014_2016	1	0.125	0.063	16
ERR854929	GCGS0959	grad2014_2016	0.5	0.25	0.125	16
ERR854930	GCGS0982	grad2014_2016	1	0.25	0.06	16
ERR854931	GCGS0986	grad2014_2016	0.25	0.25	0.06	16
ERR854932	GCGS0914	grad2014_2016	1	0.25	0.06	16
ERR854933	GCGS0983	grad2014_2016	1	0.25	0.06	16
ERR854934	GCGS0990	grad2014_2016	0.5	0.125	0.032	16
ERR854935	GCGS0998	grad2014_2016	0.5	0.25	0.125	16
ERR854936	GCGS1007	grad2014_2016	1	0.25	0.125	16
ERR854937	GCGS0878	grad2014_2016	0.5	0.25	0.06	16
ERR854938	GCGS0862	grad2014_2016	1	0.25	0.06	8
ERR854939	GCGS0996	grad2014_2016	0.5	0.25	0.06	16
ERR854940	GCGS0917	grad2014_2016	1	0.25	0.06	16
ERR854941	GCGS0989	grad2014_2016	0.5	0.25	0.03	16
ERR854942	GCGS1011	grad2014_2016	0.5	0.25	0.06	16
ERR854943	GCGS0940	grad2014_2016	0.5	0.25	0.03	8
ERR854944	GCGS0935	grad2014_2016	0.5	0.25	0.03	8
ERR854945	GCGS0916	grad2014_2016	1	0.25	0.06	16
ERR854946	GCGS0934	grad2014_2016	0.063	0.063	0.032	2
ERR854947	GCGS0868	grad2014_2016	0.5	0.25	0.03	8
ERR854948	GCGS0882	grad2014_2016	1	0.25	0.06	16
ERR854949	GCGS0313	grad2014_2016	0.06	0.015	0.008	0.015
ERR854950	GCGS0545	grad2014_2016	0.5	0.03	0.008	0.015
ERR854951	GCGS0551	grad2014_2016	0.25	0.03	0.015	4
ERR854952	GCGS0552	grad2014_2016	0.5	0.03	0.008	0.015
ERR854953	GCGS0335	grad2014_2016	0.5	0.015	0.008	0.015
ERR854954	GCGS0560	grad2014_2016	16	0.03	0.008	0.015
ERR854955	GCGS0732	grad2014_2016	1	0.06	0.008	0.015
ERR854956	GCGS0347	grad2014_2016	0.5	0.015	0.008	0.015
ERR854957	GCGS0571	grad2014_2016	0.5	0.03	0.015	0.015
ERR854958	GCGS0348	grad2014_2016	0.06	0.015	0.008	0.015
ERR854959	GCGS0349	grad2014_2016	0.5	0.015	0.008	0.015
ERR854960	GCGS0572	grad2014_2016	1	0.03	0.008	0.015
ERR854961	GCGS0350	grad2014_2016	0.25	0.015	0.015	0.015
ERR854962	GCGS0740	grad2014_2016	0.5	0.125	0.032	8
ERR854963	GCGS0376	grad2014_2016	0.5	0.015	0.008	0.5
ERR854964	GCGS0377	grad2014_2016	0.25	0.015	0.008	0.015
ERR854965	GCGS0378	grad2014_2016	1	0.015	0.008	0.015
ERR854966	GCGS0379	grad2014_2016	0.5	0.015	0.008	0.015
ERR854967	GCGS0395	grad2014_2016	0.25	0.015	0.008	0.015
ERR854968	GCGS0396	grad2014_2016	0.125	0.015	0.008	4
ERR854969	GCGS0397	grad2014_2016	0.25	0.015	0.008	16
ERR854970	GCGS0398	grad2014_2016	0.03	0.015	0.008	0.5
ERR854971	GCGS0758	grad2014_2016	0.25	0.06	0.06	16
ERR854972	GCGS0542	grad2014_2016	1	0.03	0.015	0.008
ERR854973	GCGS0381	grad2014_2016	0.5	0.015	0.008	4
ERR854974	GCGS0633	grad2014_2016	0.5	0.03	0.03	8
ERR854975	GCGS0756	grad2014_2016	0.5	0.06	0.03	16
ERR854976	GCGS0393	grad2014_2016	0.5	0.015	0.008	0.004
ERR854977	GCGS0292	grad2014_2016	0.125	0.008	0.004	0.004
ERR854978	GCGS1058	grad2014_2016	0.25	NA	0.015	8
ERR854979	GCGS1065	grad2014_2016	0.5	NA	0.03	8
ERR854980	GCGS1076	grad2014_2016	1	NA	0.008	0.008
ERR854981	GCGS1091	grad2014_2016	0.5	NA	0.008	16
ERR854982	GCGS1092	grad2014_2016	0.125	NA	0.008	2
ERR854983	GCGS1073	grad2014_2016	0.5	NA	0.03	16
ERR854984	GCGS0543	grad2014_2016	0.25	0.03	0.008	0.015
ERR854986	GCGS0548	grad2014_2016	0.25	0.03	0.015	4
ERR854987	GCGS0549	grad2014_2016	0.25	0.03	0.015	2
ERR854988	GCGS0319	grad2014_2016	0.125	0.015	0.008	4
ERR854989	GCGS0320	grad2014_2016	0.25	0.015	0.008	4
ERR854990	GCGS0321	grad2014_2016	0.25	0.015	0.008	1
ERR854991	GCGS0331	grad2014_2016	0.25	0.015	0.008	4
ERR854992	GCGS0333	grad2014_2016	0.06	0.015	0.008	2
ERR854993	GCGS0334	grad2014_2016	0.25	0.015	0.008	1
ERR854994	GCGS0731	grad2014_2016	0.25	0.06	0.06	16
ERR854995	GCGS0346	grad2014_2016	0.03	0.015	0.008	2
ERR854996	GCGS0739	grad2014_2016	0.06	0.06	0.015	2
ERR854997	GCGS0353	grad2014_2016	0.03	0.015	0.008	0.015
ERR854998	GCGS0369	grad2014_2016	0.06	0.015	0.008	2
ERR855000	GCGS0383	grad2014_2016	0.125	0.015	0.008	2
ERR855001	GCGS0384	grad2014_2016	0.25	0.015	0.008	4
ERR855002	GCGS0593	grad2014_2016	0.25	0.03	0.008	0.015
ERR855003	GCGS0754	grad2014_2016	0.5	0.06	0.03	16
ERR855004	GCGS0755	grad2014_2016	0.125	0.06	0.03	8
ERR855005	GCGS0594	grad2014_2016	0.125	0.03	0.015	8
ERR855006	GCGS0757	grad2014_2016	1	0.063	0.016	4
ERR855007	GCGS0428	grad2014_2016	0.25	0.015	0.008	0.015
ERR855008	GCGS0639	grad2014_2016	0.06	0.03	0.008	2
ERR855009	GCGS0640	grad2014_2016	0.125	0.03	0.015	8
ERR855010	GCGS0450	grad2014_2016	0.25	0.015	0.008	0.015
ERR855011	GCGS0656	grad2014_2016	0.5	0.03	0.03	16
ERR855012	GCGS0451	grad2014_2016	0.5	0.015	0.015	16
ERR855013	GCGS0312	grad2014_2016	0.5	0.015	0.008	0.015
ERR855014	GCGS0730	grad2014_2016	0.5	0.06	0.03	4
ERR855015	GCGS0559	grad2014_2016	1	0.03	0.03	16
ERR855016	GCGS0370	grad2014_2016	0.06	0.015	0.008	4
ERR855017	GCGS0375	grad2014_2016	0.25	0.015	0.008	0.015
ERR855018	GCGS0592	grad2014_2016	0.25	0.03	0.03	16
ERR855019	GCGS0603	grad2014_2016	0.125	0.03	0.008	4
ERR855020	GCGS0764	grad2014_2016	0.25	0.06	0.03	1
ERR855021	GCGS0767	grad2014_2016	0.5	0.25	0.125	16
ERR855022	GCGS0768	grad2014_2016	0.125	0.06	0.03	0.015
ERR855023	GCGS0779	grad2014_2016	0.5	0.06	0.06	16
ERR855024	GCGS0437	grad2014_2016	0.25	0.015	0.008	4
ERR855025	GCGS0641	grad2014_2016	0.25	0.03	0.03	4
ERR855026	GCGS0449	grad2014_2016	0.125	0.015	0.008	0.015
ERR855027	GCGS0452	grad2014_2016	0.125	0.015	0.008	8
ERR855028	GCGS0465	grad2014_2016	0.06	0.015	0.008	0.015
ERR855029	GCGS0466	grad2014_2016	0.25	0.015	0.008	4
ERR855030	GCGS0667	grad2014_2016	0.5	0.03	0.015	4
ERR855031	GCGS0469	grad2014_2016	0.25	0.015	0.008	4
ERR855032	GCGS0675	grad2014_2016	0.25	0.03	0.015	16
ERR855033	GCGS0483	grad2014_2016	0.06	0.015	0.008	4
ERR855034	GCGS0794	grad2014_2016	1	0.06	0.03	0.015
ERR855035	GCGS0494	grad2014_2016	0.125	0.015	0.008	4
ERR855036	GCGS0806	grad2014_2016	0.5	0.06	0.03	16
ERR855037	GCGS0808	grad2014_2016	0.25	0.06	0.015	8
ERR855038	GCGS0809	grad2014_2016	0.5	0.06	0.03	16
ERR855039	GCGS0700	grad2014_2016	0.5	0.03	0.015	16
ERR855040	GCGS0615	grad2014_2016	2	0.03	0.015	0.015
ERR855041	GCGS0423	grad2014_2016	0.06	0.015	0.008	0.015
ERR855042	GCGS0429	grad2014_2016	0.5	0.015	0.008	0.5
ERR855043	GCGS0769	grad2014_2016	0.25	0.06	0.06	0.015
ERR855044	GCGS0430	grad2014_2016	0.25	0.015	0.008	0.015
ERR855045	GCGS0431	grad2014_2016	0.06	0.015	0.008	0.03
ERR855046	GCGS0453	grad2014_2016	0.25	0.015	0.008	0.015
ERR855047	GCGS0454	grad2014_2016	0.125	0.015	0.008	0.015
ERR855048	GCGS0658	grad2014_2016	1	0.03	0.015	0.015
ERR855049	GCGS0787	grad2014_2016	0.5	0.06	0.008	0.015
ERR855050	GCGS0456	grad2014_2016	0.5	0.015	0.008	0.015
ERR855051	GCGS0457	grad2014_2016	0.125	0.015	0.008	0.015
ERR855052	GCGS0471	grad2014_2016	0.125	0.015	0.008	0.015
ERR855053	GCGS0668	grad2014_2016	1	0.03	0.015	0.015
ERR855054	GCGS0472	grad2014_2016	1	0.015	0.008	0.015
ERR855055	GCGS0479	grad2014_2016	0.5	0.015	0.008	0.015
ERR855056	GCGS0488	grad2014_2016	0.5	0.015	0.008	0.015
ERR855057	GCGS0489	grad2014_2016	0.125	0.015	0.008	0.015
ERR855058	GCGS0678	grad2014_2016	0.125	0.03	0.015	0.015
ERR855059	GCGS0495	grad2014_2016	0.25	0.015	0.008	16
ERR855060	GCGS0496	grad2014_2016	0.5	0.015	0.008	0.015
ERR855061	GCGS0553	grad2014_2016	0.125	0.03	0.015	4
ERR855062	GCGS0336	grad2014_2016	0.25	0.015	0.008	0.015
ERR855063	GCGS0337	grad2014_2016	0.5	0.015	0.008	0.015
ERR855064	GCGS0643	grad2014_2016	0.5	0.03	0.008	0.015
ERR855065	GCGS0679	grad2014_2016	0.25	0.03	0.008	0.015
ERR855066	GCGS0811	grad2014_2016	1	0.125	0.063	16
ERR855067	GCGS0311	grad2014_2016	4	0.015	0.008	0.004
ERR855068	GCGS0257	grad2014_2016	4	0.008	0.004	0.004
ERR855069	GCGS0247	grad2014_2016	2	0.004	0.002	0.008
ERR855071	GCGS0267	grad2014_2016	4	0.008	0.008	0.004
ERR855072	GCGS0327	grad2014_2016	2	0.015	0.015	16
ERR855073	GCGS0328	grad2014_2016	2	0.015	0.015	0.008
ERR855074	GCGS0329	grad2014_2016	8	0.015	0.015	0.008
ERR855075	GCGS0556	grad2014_2016	2	0.03	0.015	0.008
ERR855076	GCGS0271	grad2014_2016	16	0.008	0.004	0.004
ERR855077	GCGS0272	grad2014_2016	16	0.008	0.004	0.004
ERR855079	GCGS0751	grad2014_2016	8	0.06	0.015	0.008
ERR855080	GCGS0380	grad2014_2016	8	0.015	0.008	0.008
ERR855081	GCGS0391	grad2014_2016	8	0.015	0.015	0.008
ERR855082	GCGS0416	grad2014_2016	8	0.015	0.008	0.008
ERR855083	GCGS0653	grad2014_2016	4	0.03	0.03	4
ERR855084	GCGS0296	grad2014_2016	2	0.008	0.008	0.008
ERR855085	GCGS0297	grad2014_2016	2	0.008	0.008	0.008
ERR855086	GCGS0298	grad2014_2016	2	0.008	0.008	0.008
ERR855087	GCGS0691	grad2014_2016	4	0.03	0.015	0.008
ERR855088	GCGS0299	grad2014_2016	4	0.008	0.015	0.004
ERR855089	GCGS0254	grad2014_2016	4	0.004	0.015	0.004
ERR855090	GCGS0713	grad2014_2016	16	0.03	0.03	0.015
ERR855091	GCGS0352	grad2014_2016	2	0.015	0.03	32
ERR855092	GCGS0586	grad2014_2016	8	0.03	0.008	0.125
ERR855093	GCGS0591	grad2014_2016	0.5	0.03	0.03	32
ERR855094	GCGS0290	grad2014_2016	2	0.008	0.004	0.008
ERR855096	GCGS0435	grad2014_2016	4	0.015	0.008	0.004
ERR855097	GCGS0382	grad2014_2016	1	0.015	0.008	16
ERR855098	GCGS0447	grad2014_2016	4	0.015	0.008	0.002
ERR855099	GCGS0246	grad2014_2016	8	0.002	0.001	0.004
ERR855100	GCGS0300	grad2014_2016	8	0.008	0.008	0.004
ERR855101	GCGS1018	grad2014_2016	2	NA	0.008	16
ERR855102	GCGS1022	grad2014_2016	16	NA	0.015	0.008
ERR855103	GCGS1025	grad2014_2016	8	NA	0.008	0.008
ERR855104	GCGS1030	grad2014_2016	2	NA	0.015	0.008
ERR855105	GCGS1031	grad2014_2016	2	NA	0.015	0.008
ERR855106	GCGS1032	grad2014_2016	2	NA	0.008	0.008
ERR855107	GCGS1033	grad2014_2016	2	NA	0.015	0.008
ERR855108	GCGS0140	grad2014_2016	1	0.06	0.06	32
ERR855110	GCGS1043	grad2014_2016	2	NA	0.008	16
ERR855111	GCGS1044	grad2014_2016	2	NA	0.015	0.015
ERR855112	GCGS1045	grad2014_2016	2	NA	0.015	0.015
ERR855113	GCGS1047	grad2014_2016	2	NA	0.03	0.015
ERR855114	GCGS0836	grad2014_2016	1	0.125	0.03	16
ERR855115	GCGS1049	grad2014_2016	1	0.125	0.125	16
ERR855116	GCGS1051	grad2014_2016	1	0.125	0.063	16
ERR855117	GCGS1052	grad2014_2016	1	0.125	0.063	16
ERR855118	GCGS1054	grad2014_2016	2	NA	0.06	16
ERR855119	GCGS1055	grad2014_2016	2	NA	0.03	0.015
ERR855120	GCGS1056	grad2014_2016	1	0.125	0.063	16
ERR855121	GCGS0841	grad2014_2016	1	0.125	0.06	16
ERR855122	GCGS1082	grad2014_2016	16	NA	0.008	0.008
ERR855123	GCGS1083	grad2014_2016	16	NA	0.008	0.008
ERR855124	GCGS1087	grad2014_2016	2	NA	0.06	4
ERR855125	GCGS1040	grad2014_2016	4	NA	0.03	0.015
ERR855126	GCGS1077	grad2014_2016	2	NA	0.008	16
ERR855127	GCGS1081	grad2014_2016	8	NA	0.008	0.008
ERR855128	GCGS0330	grad2014_2016	2	0.015	0.015	16
ERR855129	GCGS0844	grad2014_2016	4	0.125	0.06	16
ERR855130	GCGS0665	grad2014_2016	4	0.03	0.015	0.015
ERR855131	GCGS0609	grad2014_2016	2	0.03	0.03	16
ERR855132	GCGS0610	grad2014_2016	2	0.03	0.008	0.015
ERR855133	GCGS0401	grad2014_2016	2	0.015	0.008	0.015
ERR855135	GCGS0481	grad2014_2016	2	0.015	0.015	32
ERR855136	GCGS0332	grad2014_2016	8	0.015	0.008	0.015
ERR855137	GCGS0363	grad2014_2016	4	0.015	0.008	0.015
ERR855138	GCGS0394	grad2014_2016	2	0.015	0.008	0.015
ERR855139	GCGS0842	grad2014_2016	2	0.125	0.125	16
ERR855140	GCGS0467	grad2014_2016	16	0.015	0.008	0.015
ERR855141	GCGS0852	grad2014_2016	2	0.032	0.063	32
ERR855142	GCGS0468	grad2014_2016	2	0.015	0.008	0.015
ERR855143	GCGS0470	grad2014_2016	4	0.015	0.008	0.015
ERR855144	GCGS0482	grad2014_2016	8	0.015	0.008	0.015
ERR855145	GCGS0856	grad2014_2016	8	0.125	0.06	8
ERR855146	GCGS0484	grad2014_2016	8	0.015	0.008	0.015
ERR855147	GCGS0696	grad2014_2016	2	0.03	0.015	0.015
ERR855148	GCGS0698	grad2014_2016	2	0.03	0.008	0.015
ERR855149	GCGS0708	grad2014_2016	8	0.03	0.015	16
ERR855150	GCGS0516	grad2014_2016	4	0.015	0.008	0.015
ERR855151	GCGS0823	grad2014_2016	2	0.063	0.063	0.004
ERR855152	GCGS0262	grad2014_2016	0.5	0.008	0.004	0.004
ERR855153	GCGS0263	grad2014_2016	0.5	0.008	0.008	0.004
ERR855154	GCGS0828	grad2014_2016	0.5	0.125	0.06	0.008
ERR855155	GCGS0326	grad2014_2016	1	0.032	0.016	0.016
ERR855156	GCGS0568	grad2014_2016	1	0.03	0.06	16
ERR855157	GCGS0585	grad2014_2016	0.5	0.03	0.015	16
ERR855158	GCGS0250	grad2014_2016	1	0.004	0.002	0.008
ERR855159	GCGS0590	grad2014_2016	0.5	0.03	0.03	16
ERR855160	GCGS0752	grad2014_2016	0.5	0.06	0.03	16
ERR855161	GCGS0601	grad2014_2016	1	0.03	0.015	0.004
ERR855162	GCGS0608	grad2014_2016	0.5	0.03	0.015	8
ERR855163	GCGS0418	grad2014_2016	0.5	0.015	0.008	0.004
ERR855164	GCGS0419	grad2014_2016	0.5	0.015	0.015	16
ERR855165	GCGS0420	grad2014_2016	1	0.015	0.008	0.008
ERR855166	GCGS0421	grad2014_2016	1	0.015	0.015	16
ERR855167	GCGS0617	grad2014_2016	0.5	0.03	0.06	4
ERR855168	GCGS0632	grad2014_2016	0.5	0.03	0.015	2
ERR855169	GCGS0776	grad2014_2016	0.5	0.06	0.06	16
ERR855170	GCGS0785	grad2014_2016	0.5	0.06	0.015	4
ERR855171	GCGS0786	grad2014_2016	1	0.06	0.015	0.015
ERR855172	GCGS0445	grad2014_2016	1	0.015	0.008	0.004
ERR855173	GCGS0463	grad2014_2016	0.5	0.015	0.015	4
ERR855174	GCGS0493	grad2014_2016	0.5	0.015	0.008	8
ERR855175	GCGS0800	grad2014_2016	0.5	0.06	0.03	16
ERR855176	GCGS0801	grad2014_2016	0.5	0.06	0.03	8
ERR855177	GCGS0802	grad2014_2016	0.5	0.06	0.03	8
ERR855178	GCGS0803	grad2014_2016	0.5	0.06	0.03	8
ERR855179	GCGS0690	grad2014_2016	0.5	0.03	0.03	8
ERR855180	GCGS0712	grad2014_2016	0.5	0.03	0.03	8
ERR855181	GCGS0510	grad2014_2016	0.5	0.015	0.03	16
ERR855182	GCGS0368	grad2014_2016	0.5	0.015	0.008	8
ERR855183	GCGS0753	grad2014_2016	0.5	0.06	0.03	8
ERR855184	GCGS0596	grad2014_2016	0.5	0.03	0.015	4
ERR855185	GCGS0243	grad2014_2016	1	0.002	0.001	0.004
ERR855186	GCGS0618	grad2014_2016	0.5	0.03	0.015	0.008
ERR855187	GCGS0634	grad2014_2016	0.5	0.03	0.03	16
ERR855188	GCGS0778	grad2014_2016	0.5	0.06	0.03	16
ERR855189	GCGS0636	grad2014_2016	1	0.03	0.015	4
ERR855190	GCGS0464	grad2014_2016	0.5	0.015	0.008	8
ERR855191	GCGS0674	grad2014_2016	0.5	0.03	0.03	32
ERR855193	GCGS0511	grad2014_2016	0.5	0.015	0.015	8
ERR855194	GCGS1019	grad2014_2016	0.5	NA	0.008	16
ERR855195	GCGS1020	grad2014_2016	0.5	NA	0.03	16
ERR855196	GCGS1021	grad2014_2016	0.5	NA	0.03	16
ERR855197	GCGS1023	grad2014_2016	0.5	NA	0.015	8
ERR855198	GCGS1028	grad2014_2016	0.5	NA	0.008	0.008
ERR855199	GCGS1037	grad2014_2016	0.5	NA	0.03	8
ERR855200	GCGS1041	grad2014_2016	0.5	NA	0.03	16
ERR855202	GCGS1046	grad2014_2016	0.5	NA	0.008	0.015
ERR855203	GCGS1050	grad2014_2016	1	NA	0.06	16
ERR855204	GCGS1053	grad2014_2016	0.5	NA	0.008	0.008
ERR855205	GCGS1059	grad2014_2016	0.5	NA	0.03	16
ERR855206	GCGS1060	grad2014_2016	1	NA	0.008	4
ERR855207	GCGS1066	grad2014_2016	0.5	NA	0.015	4
ERR855208	GCGS1067	grad2014_2016	0.5	NA	0.03	16
ERR855209	GCGS1070	grad2014_2016	0.5	NA	0.03	16
ERR855210	GCGS1071	grad2014_2016	0.5	NA	0.03	8
ERR855211	GCGS1072	grad2014_2016	1	NA	0.03	16
ERR855212	GCGS1074	grad2014_2016	0.5	NA	0.03	16
ERR855213	GCGS1075	grad2014_2016	0.5	NA	0.008	0.008
ERR855214	GCGS1084	grad2014_2016	1	NA	0.03	32
ERR855215	GCGS1085	grad2014_2016	0.5	NA	0.008	4
ERR855216	GCGS1086	grad2014_2016	1	NA	0.03	8
ERR855217	GCGS1088	grad2014_2016	1	NA	0.03	4
ERR855218	GCGS1089	grad2014_2016	1	NA	0.06	4
ERR855219	GCGS1027	grad2014_2016	1	NA	0.03	16
ERR855220	GCGS1063	grad2014_2016	0.5	NA	0.008	16
ERR855221	GCGS1064	grad2014_2016	0.5	NA	0.03	16
ERR855222	GCGS1068	grad2014_2016	0.5	0.125	0.063	16
ERR855223	GCGS1069	grad2014_2016	1	NA	0.06	16
ERR855224	GCGS1079	grad2014_2016	1	NA	0.015	8
ERR855225	GCGS0025	grad2014_2016	0.5	0.25	0.06	16
ERR855226	GCGS0029	grad2014_2016	0.5	0.25	0.06	32
ERR855227	GCGS0835	grad2014_2016	0.5	0.125	0.06	16
ERR855228	GCGS1093	grad2014_2016	0.5	0.015	0.008	0.015
ERR855229	GCGS0762	grad2014_2016	0.5	0.06	0.03	16
ERR855230	GCGS0222	grad2014_2016	0.5	0.015	0.03	4
ERR855231	GCGS0654	grad2014_2016	0.5	0.03	0.03	16
ERR855232	GCGS0847	grad2014_2016	0.5	0.125	0.03	8
ERR855233	GCGS0851	grad2014_2016	0.5	0.125	0.06	8
ERR855234	GCGS0061	grad2014_2016	0.5	0.5	0.06	32
ERR855235	GCGS0154	grad2014_2016	0.5	0.015	0.008	4
ERR855236	GCGS0148	grad2014_2016	0.5	0.03	0.015	4
ERR855237	GCGS0820	grad2014_2016	0.5	0.125	0.015	0.015
ERR855238	GCGS0725	grad2014_2016	1	0.06	0.03	16
ERR855239	GCGS0557	grad2014_2016	1	0.03	0.03	16
ERR855240	GCGS0344	grad2014_2016	0.5	0.015	0.008	8
ERR855241	GCGS0345	grad2014_2016	1	0.015	0.008	0.015
ERR855242	GCGS0742	grad2014_2016	0.5	0.06	0.06	0.015
ERR855243	GCGS0743	grad2014_2016	0.5	0.06	0.03	0.015
ERR855244	GCGS0744	grad2014_2016	0.5	0.06	0.06	0.015
ERR855245	GCGS0133	grad2014_2016	0.5	0.25	0.03	32
ERR855246	GCGS1090	grad2014_2016	1	NA	0.015	16
ERR855247	GCGS1080	grad2014_2016	1	NA	0.03	16
ERR855248	GCGS0817	grad2014_2016	0.25	0.06	0.03	8
ERR855249	GCGS0816	grad2014_2016	0.25	0.06	0.03	8
ERR855250	GCGS0515	grad2014_2016	0.06	0.015	0.015	8
ERR855251	GCGS0815	grad2014_2016	0.125	0.06	0.03	8
ERR855252	GCGS0517	grad2014_2016	0.06	0.015	0.008	4
ERR855253	GCGS0717	grad2014_2016	0.25	0.03	0.015	16
ERR855254	GCGS0514	grad2014_2016	0.03	0.015	0.015	2
ERR855255	GCGS0818	grad2014_2016	0.25	0.06	0.03	8
ERR855257	GCGS0716	grad2014_2016	0.25	0.03	0.015	16
ERR855258	GCGS0714	grad2014_2016	0.125	0.03	0.015	4
ERR855259	GCGS0487	grad2014_2016	0.25	0.015	0.008	2
ERR855260	GCGS0805	grad2014_2016	0.5	0.06	0.03	8
ERR855261	GCGS0697	grad2014_2016	0.125	0.03	0.015	4
ERR855262	GCGS0814	grad2014_2016	0.125	0.06	0.03	8
ERR855263	GCGS0715	grad2014_2016	0.25	0.03	0.015	8
ERR855264	GCGS0513	grad2014_2016	0.25	0.015	0.008	4
ERR855265	GCGS0512	grad2014_2016	0.03	0.015	0.008	8
ERR855266	GCGS0921	grad2014_2016	0.5	0.25	0.06	16
ERR855267	GCGS0964	grad2014_2016	0.25	0.25	0.03	0.015
ERR855268	GCGS1013	grad2014_2016	0.5	0.5	0.125	0.004
ERR855269	GCGS1001	grad2014_2016	0.5	0.25	0.125	32
ERR855270	GCGS0971	grad2014_2016	1	0.25	0.06	16
ERR855271	GCGS0969	grad2014_2016	0.5	0.25	0.06	16
ERR855272	GCGS0993	grad2014_2016	0.25	0.25	0.06	16
ERR855273	GCGS0976	grad2014_2016	0.25	0.25	0.06	32
ERR855274	GCGS0952	grad2014_2016	0.25	0.25	0.06	16
ERR855275	GCGS0954	grad2014_2016	0.25	0.25	0.06	16
ERR855276	GCGS0956	grad2014_2016	0.25	0.25	0.06	16
ERR855277	GCGS0967	grad2014_2016	0.5	0.25	0.03	16
ERR855278	GCGS0873	grad2014_2016	1	0.25	0.06	16
ERR855279	GCGS0925	grad2014_2016	1	0.25	0.06	16
ERR855280	GCGS0953	grad2014_2016	0.25	0.25	0.06	16
ERR855281	GCGS0972	grad2014_2016	1	0.25	0.06	16
ERR855282	GCGS0893	grad2014_2016	0.5	0.25	0.06	16
ERR855283	GCGS0888	grad2014_2016	1	0.25	0.06	16
ERR855284	GCGS0973	grad2014_2016	0.5	0.25	0.06	8
ERR855285	GCGS0942	grad2014_2016	1	0.25	0.06	16
ERR855286	GCGS0977	grad2014_2016	0.5	0.25	0.06	16
ERR855287	GCGS0926	grad2014_2016	0.125	0.25	0.03	16
ERR855288	GCGS0889	grad2014_2016	2	0.25	0.125	16
ERR855289	GCGS0848	grad2014_2016	1	0.125	0.06	16
ERR855290	GCGS0706	grad2014_2016	0.5	0.03	0.03	32
ERR855291	GCGS0159	grad2014_2016	0.5	0.25	0.06	8
ERR855292	GCGS0693	grad2014_2016	0.5	0.03	0.03	8
ERR855293	GCGS0655	grad2014_2016	0.5	0.03	0.06	0.015
ERR855294	GCGS0448	grad2014_2016	0.5	0.015	0.03	16
ERR855295	GCGS0239	grad2014_2016	0.5	0.5	0.125	16
ERR855296	GCGS0637	grad2014_2016	1	0.03	0.03	16
ERR855297	GCGS0692	grad2014_2016	0.5	0.03	0.06	16
ERR855298	GCGS0486	grad2014_2016	0.5	0.015	0.015	0.015
ERR855299	GCGS0707	grad2014_2016	0.5	0.03	0.03	32
ERR855300	GCGS0677	grad2014_2016	0.5	0.03	0.03	16
ERR855301	GCGS0360	grad2014_2016	0.5	0.015	0.015	8
ERR855302	GCGS0699	grad2014_2016	0.5	0.03	0.03	16
ERR855303	GCGS0858	grad2014_2016	0.5	0.125	0.06	16
ERR855304	GCGS0804	grad2014_2016	0.5	0.06	0.03	16
ERR855305	GCGS0857	grad2014_2016	0.5	0.125	0.015	0.015
ERR855306	GCGS0602	grad2014_2016	0.5	0.03	0.03	16
ERR855307	GCGS0807	grad2014_2016	0.5	0.06	0.06	16
ERR855308	GCGS0810	grad2014_2016	0.5	0.06	0.06	32
ERR855309	GCGS0821	grad2014_2016	0.5	0.125	0.03	0.015
ERR855310	GCGS0853	grad2014_2016	0.5	0.125	0.06	0.015
ERR855311	GCGS0666	grad2014_2016	0.5	0.03	0.015	4
ERR855312	GCGS0695	grad2014_2016	0.5	0.03	0.015	4
ERR855313	GCGS0901	grad2014_2016	0.5	0.25	0.06	8
ERR855314	GCGS0832	grad2014_2016	0.25	0.125	0.063	0.002
ERR855315	GCGS0676	grad2014_2016	0.5	0.03	0.03	16
ERR855316	GCGS0614	grad2014_2016	0.5	0.03	0.03	0.015
ERR855317	GCGS0701	grad2014_2016	1	0.03	0.008	0.015
ERR855318	GCGS0750	grad2014_2016	0.5	0.06	0.015	0.015
ERR855319	GCGS0722	grad2014_2016	0.5	0.125	0.063	16
ERR855320	GCGS0837	grad2014_2016	1	0.125	0.06	16
ERR855321	GCGS0657	grad2014_2016	0.5	0.03	0.015	0.015
ERR855322	GCGS0822	grad2014_2016	0.5	0.125	0.06	8
ERR855323	GCGS0642	grad2014_2016	0.5	0.03	0.008	0.015
ERR855326	GCGS0422	grad2014_2016	1	0.015	0.008	0.015
ERR855327	GCGS0455	grad2014_2016	0.5	0.015	0.008	0.015
ERR855328	GCGS0544	grad2014_2016	0.5	0.03	0.015	0.015
ERR855329	GCGS0833	grad2014_2016	0.5	0.125	0.06	16
ERR855330	GCGS0659	grad2014_2016	0.5	0.03	0.015	16
ERR855331	GCGS0458	grad2014_2016	1	0.015	0.008	0.015
ERR855332	GCGS0770	grad2014_2016	1	0.06	0.03	16
ERR855333	GCGS1010	grad2014_2016	0.5	0.25	0.06	16
ERR855334	GCGS0780	grad2014_2016	0.5	0.125	0.032	16
ERR855335	GCGS0426	grad2014_2016	1	0.015	0.015	0.015
ERR855336	GCGS0670	grad2014_2016	0.5	0.03	0.015	0.015
ERR855337	GCGS0474	grad2014_2016	0.5	0.015	0.008	0.015
ERR855338	GCGS0660	grad2014_2016	0.5	0.03	0.008	0.015
ERR855339	GCGS0644	grad2014_2016	0.5	0.03	0.015	0.015
ERR855340	GCGS0645	grad2014_2016	0.5	0.03	0.008	0.015
ERR855341	GCGS0859	grad2014_2016	0.5	0.125	0.03	16
ERR855342	GCGS0850	grad2014_2016	0.5	0.125	0.03	1
ERR855343	GCGS0884	grad2014_2016	0.25	0.25	0.06	8
ERR855344	GCGS0661	grad2014_2016	1	0.03	0.008	0.015
ERR855346	GCGS0681	grad2014_2016	0.5	0.03	0.008	0.015
ERR855347	GCGS0424	grad2014_2016	0.5	0.015	0.008	0.015
ERR855348	GCGS0436	grad2014_2016	2	0.015	0.008	0.015
ERR855349	GCGS0694	grad2014_2016	8	0.03	0.008	0.015
ERR855350	GCGS0638	grad2014_2016	4	0.03	0.015	0.015
ERR855351	GCGS0619	grad2014_2016	2	0.03	0.03	0.015
ERR855352	GCGS0550	grad2014_2016	8	0.03	0.008	0.015
ERR855353	GCGS0849	grad2014_2016	4	0.125	0.03	16
ERR855354	GCGS0371	grad2014_2016	2	0.015	0.008	0.015
ERR855355	GCGS0574	grad2014_2016	2	0.03	0.015	0.03
ERR855356	GCGS0354	grad2014_2016	8	0.015	0.008	0.015
ERR855357	GCGS0745	grad2014_2016	256	0.06	0.03	0.015
ERR855358	GCGS0671	grad2014_2016	2	0.03	0.03	0.015
ERR855359	GCGS0485	grad2014_2016	16	0.015	0.008	0.015
ERR855360	GCGS0834	grad2014_2016	2	0.125	0.03	4
ERR855362	GCGS0604	grad2014_2016	16	0.063	0.032	0.016
ERR855363	GCGS0523	grad2014_2016	2	0.015	0.008	0.015
ERR855364	GCGS0473	grad2014_2016	2	0.015	0.008	0.015
ERR855365	GCGS0338	grad2014_2016	16	0.015	0.008	0.015
ERR855366	GCGS0402	grad2014_2016	4	0.015	0.015	0.015
ERR855367	GCGS0561	grad2014_2016	2	0.03	0.008	0.004
ERR855368	GCGS0587	grad2014_2016	2	0.03	0.015	0.015
ERR855369	GCGS0611	grad2014_2016	2	0.03	0.015	0.015
ERR855370	GCGS0476	grad2014_2016	2	0.015	0.004	0.004
ERR855371	GCGS0733	grad2014_2016	2	0.06	0.015	16
ERR855372	GCGS0372	grad2014_2016	8	0.015	0.008	0.015
ERR855373	GCGS0518	grad2014_2016	8	0.015	0.008	0.015
ERR855374	GCGS0406	grad2014_2016	2	0.015	0.015	0.015
ERR855375	GCGS0563	grad2014_2016	2	0.03	0.015	16
ERR855376	GCGS0404	grad2014_2016	2	0.015	0.015	0.015
ERR855377	GCGS0477	grad2014_2016	2	0.015	0.008	0.004
ERR855378	GCGS0403	grad2014_2016	2	0.015	0.03	0.015
ERR855379	GCGS0672	grad2014_2016	2	0.03	0.03	0.015
ERR855380	GCGS0791	grad2014_2016	2	0.06	0.06	0.03
ERR855381	GCGS0793	grad2014_2016	8	0.06	0.03	16
ERR855382	GCGS0562	grad2014_2016	2	0.03	0.004	4
ERR855383	GCGS0564	grad2014_2016	2	0.03	0.008	0.004
ERR855384	GCGS0790	grad2014_2016	2	0.06	0.03	0.03
ERR855385	GCGS0355	grad2014_2016	2	0.015	0.015	0.03
ERR855386	GCGS0924	grad2014_2016	1	0.25	0.06	16
ERR855387	GCGS0838	grad2014_2016	16	0.125	0.03	16
ERR855388	GCGS0575	grad2014_2016	2	0.03	0.015	0.03
ERR855389	GCGS0765	grad2014_2016	2	0.06	0.03	0.015
ERR855390	GCGS0497	grad2014_2016	8	0.015	0.015	0.015
ERR855391	GCGS0792	grad2014_2016	8	0.06	0.03	16
ERR855392	GCGS0339	grad2014_2016	2	0.015	0.004	0.004
ERR855393	GCGS0478	grad2014_2016	2	0.015	0.008	0.004
ERR855394	GCGS0460	grad2014_2016	16	0.015	0.008	0.015
ERR855395	GCGS0759	grad2014_2016	8	0.125	0.063	16
ERR855396	GCGS0361	grad2014_2016	8	0.015	0.008	0.015
ERR855397	GCGS0405	grad2014_2016	2	0.015	0.015	0.015
ERR855398	GCGS0438	grad2014_2016	16	0.015	0.008	0.015
ERR855399	GCGS1008	grad2014_2016	0.5	0.25	0.06	16
ERR855400	GCGS0918	grad2014_2016	1	0.25	0.06	16
ERR855401	GCGS1009	grad2014_2016	0.5	0.25	0.125	16
ERR855402	GCGS0947	grad2014_2016	0.25	0.25	0.06	16
ERR855403	GCGS0988	grad2014_2016	0.5	0.25	0.03	8
ERR855404	GCGS0939	grad2014_2016	0.5	0.25	0.06	16
ERR855405	GCGS0987	grad2014_2016	0.5	0.25	0.06	16
ERR855406	GCGS0923	grad2014_2016	0.5	0.25	0.125	16
ERR855407	GCGS0991	grad2014_2016	0.5	0.125	0.032	16
ERR855408	GCGS0946	grad2014_2016	0.25	0.25	0.125	16
ERR855409	GCGS1000	grad2014_2016	0.25	0.25	0.06	16
ERR855410	GCGS0948	grad2014_2016	0.25	0.25	0.06	16
ERR855411	GCGS0931	grad2014_2016	0.5	0.25	0.03	0.015
ERR855412	GCGS0890	grad2014_2016	0.25	0.25	0.06	0.015
ERR855413	GCGS0911	grad2014_2016	0.25	0.25	0.06	16
ERR855414	GCGS0885	grad2014_2016	0.25	0.25	0.06	16
ERR855415	GCGS0936	grad2014_2016	1	0.25	0.06	32
ERR855416	GCGS0891	grad2014_2016	0.5	0.25	0.06	16
ERR855417	GCGS0968	grad2014_2016	0.5	0.125	0.032	4
ERR855418	GCGS0937	grad2014_2016	0.5	0.25	0.125	32
ERR855419	GCGS0898	grad2014_2016	0.25	0.25	0.06	16
ERR855420	GCGS1016	grad2014_2016	1	0.5	0.125	16
ERR855421	GCGS0958	grad2014_2016	0.5	0.25	0.125	16
ERR855422	GCGS0892	grad2014_2016	0.5	0.25	0.06	16
ERR855423	GCGS0910	grad2014_2016	0.25	0.25	0.06	16
ERR855424	GCGS0897	grad2014_2016	0.25	0.25	0.06	16
ERR855425	GCGS0945	grad2014_2016	0.25	0.25	0.06	16
ERR855426	GCGS0871	grad2014_2016	0.25	0.25	0.06	16
ERR855427	GCGS1017	grad2014_2016	0.25	0.016	0.016	0.004
ERR855428	GCGS0895	grad2014_2016	0.5	0.25	0.125	16
ERR855429	GCGS0966	grad2014_2016	1	0.25	0.125	32
ERR855430	GCGS0970	grad2014_2016	0.5	0.25	0.03	16
ERR855431	GCGS0874	grad2014_2016	1	0.25	0.125	16
ERR855432	GCGS1005	grad2014_2016	0.5	0.25	0.06	16
ERR855433	GCGS0999	grad2014_2016	0.5	0.25	0.06	16
ERR855434	GCGS0955	grad2014_2016	0.25	0.25	0.06	8
ERR855435	GCGS0908	grad2014_2016	0.25	0.25	0.06	16
ERR910008	GCGS0635	grad2014_2016	8	0.03	0.015	0.008
ERR956668	GCGS0994	grad2014_2016	0.25	0.25	0.06	16
ERR956669	GCGS0902	grad2014_2016	0.25	0.25	0.06	8
ERR956670	GCGS0951	grad2014_2016	0.25	0.25	0.06	16
ERR956671	GCGS0975	grad2014_2016	0.5	0.25	0.06	32
ERR956672	GCGS0965	grad2014_2016	0.5	0.25	0.06	16
ERR956673	GCGS1003	grad2014_2016	0.25	0.25	0.06	16
ERR956674	GCGS0950	grad2014_2016	0.25	0.25	0.125	16
ERR956675	GCGS0949	grad2014_2016	0.25	0.25	0.06	8
ERR956676	GCGS0995	grad2014_2016	0.25	0.25	0.125	16
ERR956677	GCGS0963	grad2014_2016	0.5	0.25	0.06	16
ERR956678	GCGS0909	grad2014_2016	0.25	0.25	0.06	16
ERR956679	GCGS0913	grad2014_2016	1	0.25	0.125	16
ERR956680	GCGS0992	grad2014_2016	0.5	0.25	0.06	16
ERR956681	GCGS0957	grad2014_2016	0.25	0.25	0.06	16
ERR956682	GCGS1012	grad2014_2016	1	0.25	0.06	16
ERR956683	GCGS0854	grad2014_2016	1	0.125	0.03	16
ERR956684	GCGS0860	grad2014_2016	8	0.125	0.06	32
ERR956685	GCGS0904	grad2014_2016	0.5	0.25	0.06	16
ERR956687	GCGS0869	grad2014_2016	1	0.25	0.03	16
ERR956688	GCGS1014	grad2014_2016	0.25	0.5	0.125	0.004
ERR956689	GCGS0978	grad2014_2016	0.5	0.25	0.06	16
ERR956690	GCGS0980	grad2014_2016	0.5	0.25	0.06	16
ERR956691	GCGS1034	grad2014_2016	8	NA	0.008	0.008
ERR956692	GCGS1048	grad2014_2016	16	NA	0.008	0.008
ERR956693	GCGS1062	grad2014_2016	8	NA	0.015	0.008
ERR956694	GCGS0777	grad2014_2016	2	0.06	0.03	0.015
ERR956696	GCGS1038	grad2014_2016	0.5	NA	0.06	4
ERR971374	GCGS1002	grad2014_2016	0.25	0.25	0.06	8
ERR971375	GCGS0900	grad2014_2016	0.25	0.25	0.06	16
ERR971376	GCGS0899	grad2014_2016	0.5	0.25	0.06	16
ERR971377	GCGS0886	grad2014_2016	0.5	0.25	0.125	16
ERR971378	GCGS0896	grad2014_2016	0.25	0.25	0.06	16
ERR971379	GCGS0974	grad2014_2016	1	0.25	0.06	16
ERR971380	GCGS0941	grad2014_2016	0.5	0.25	0.03	0.015
ERR971381	GCGS0928	grad2014_2016	0.25	0.032	0.032	8
ERR971382	GCGS1004	grad2014_2016	0.25	0.25	0.125	16
SRR1661153	15363	demczuk2015	0.5	0.063	0.125	0.016
SRR1661154	18438	demczuk2015	0.25	0.125	0.125	0.5
SRR1661155	19173	demczuk2015	1	0.125	0.25	0.016
SRR1661156	19984	demczuk2015	0.25	0.063	0.125	16
SRR1661157	20289	demczuk2015	0.125	0.063	0.125	0.016
SRR1661158	22830	demczuk2015	0.25	0.25	0.125	0.5
SRR1661159	22890	demczuk2015	0.063	0.001	0.00025	0.063
SRR1661160	23035	demczuk2015	0.125	0.004	0.002	0.004
SRR1661161	23435	demczuk2015	0.5	0.25	0.125	16
SRR1661162	23693	demczuk2015	0.063	0.008	0.004	0.004
SRR1661163	23712	demczuk2015	0.5	0.032	0.125	0.032
SRR1661164	23729	demczuk2015	0.5	0.25	0.125	64
SRR1661165	23836	demczuk2015	0.25	0.032	0.125	0.25
SRR1661166	24335	demczuk2015	0.5	0.25	0.125	16
SRR1661167	25151	demczuk2015	2	0.063	0.125	0.032
SRR1661168	26446	demczuk2015	0.5	0.5	0.063	64
SRR1661169	26539	demczuk2015	0.063	0.004	0.002	0.004
SRR1661170	26870	demczuk2015	0.25	0.016	0.008	4
SRR1661171	26932	demczuk2015	0.063	0.004	0.002	0.004
SRR1661172	27441	demczuk2015	0.125	0.004	0.004	0.008
SRR1661173	27459	demczuk2015	0.5	0.125	0.032	32
SRR1661174	27521	demczuk2015	0.063	0.032	0.032	8
SRR1661175	27588	demczuk2015	0.5	0.125	0.032	16
SRR1661176	27613	demczuk2015	0.5	0.063	0.032	16
SRR1661177	27775	demczuk2015	0.25	0.002	0.001	0.016
SRR1661178	27777	demczuk2015	0.063	0.001	0.0005	0.016
SRR1661179	27920	demczuk2015	0.25	0.063	0.125	1
SRR1661180	27931	demczuk2015	0.032	0.004	0.002	0.004
SRR1661181	28071	demczuk2015	0.125	0.25	0.125	2
SRR1661182	28072	demczuk2015	0.125	0.25	0.125	2
SRR1661183	28076	demczuk2015	1	0.032	0.032	16
SRR1661184	28361	demczuk2015	0.5	0.016	0.032	4
SRR1661185	28445	demczuk2015	0.25	0.25	0.125	16
SRR1661186	28541	demczuk2015	0.25	0.016	0.016	4
SRR1661187	28861	demczuk2015	0.25	0.063	0.063	8
SRR1661188	28885	demczuk2015	0.25	0.063	0.063	16
SRR1661189	28894	demczuk2015	0.25	0.016	0.008	4
SRR1661191	29055	demczuk2015	0.25	0.063	0.125	16
SRR1661192	29301	demczuk2015	0.25	0.063	0.125	32
SRR1661193	29506	demczuk2015	0.032	0.032	0.125	4
SRR1661194	29954	demczuk2015	0.25	0.125	0.125	0.016
SRR1661195	30016	demczuk2015	0.25	0.5	0.125	64
SRR1661196	30755	demczuk2015	0.5	0.125	0.125	16
SRR1661197	30865	demczuk2015	0.5	0.125	0.125	16
SRR1661198	30871	demczuk2015	0.5	0.125	0.125	16
SRR1661199	31284	demczuk2015	0.5	0.032	0.063	4
SRR1661200	31341	demczuk2015	0.5	0.032	0.032	16
SRR1661201	31348	demczuk2015	0.5	0.25	0.125	16
SRR1661202	31349	demczuk2015	0.5	0.032	0.032	16
SRR1661203	31350	demczuk2015	0.5	0.125	0.063	16
SRR1661204	31352	demczuk2015	0.5	0.125	0.125	32
SRR1661205	31355	demczuk2015	0.5	0.125	0.125	16
SRR1661206	31357	demczuk2015	0.5	0.25	0.125	16
SRR1661207	31623	demczuk2015	128	0.125	0.125	4
SRR1661208	31819	demczuk2015	0.5	0.25	0.125	16
SRR1661209	31823	demczuk2015	16	0.063	0.063	16
SRR1661210	31826	demczuk2015	0.5	0.25	0.125	16
SRR1661211	31834	demczuk2015	0.5	0.016	0.016	0.004
SRR1661212	31858	demczuk2015	0.5	0.25	0.125	16
SRR1661213	31935	demczuk2015	0.5	0.25	0.125	16
SRR1661214	32118	demczuk2015	0.25	0.032	0.032	16
SRR1661215	32123	demczuk2015	0.25	0.125	0.063	8
SRR1661216	32318	demczuk2015	0.5	0.25	0.125	16
SRR1661217	32320	demczuk2015	0.25	0.125	0.032	16
SRR1661218	32330	demczuk2015	0.25	0.032	0.008	0.125
SRR1661219	32335	demczuk2015	0.032	0.008	0.008	0.002
SRR1661220	32615	demczuk2015	0.5	0.25	0.125	16
SRR1661221	32657	demczuk2015	0.5	0.016	0.032	16
SRR1661222	32664	demczuk2015	0.5	0.032	0.063	8
SRR1661223	32752	demczuk2015	0.5	0.016	0.016	0.125
SRR1661224	32838	demczuk2015	0.125	0.008	0.008	0.008
SRR1661225	32847	demczuk2015	0.125	0.008	0.004	0.004
SRR1661226	32849	demczuk2015	0.25	0.016	0.032	8
SRR1661227	32867	demczuk2015	512	0.063	0.125	32
SRR1661228	32902	demczuk2015	0.5	0.063	0.032	4
SRR1661229	32919	demczuk2015	0.25	0.032	0.016	0.004
SRR1661230	32929	demczuk2015	0.25	0.125	0.125	16
SRR1661231	32962	demczuk2015	0.5	0.125	0.063	16
SRR1661232	33074	demczuk2015	0.25	0.008	0.004	0.004
SRR1661233	33162	demczuk2015	0.5	0.25	0.125	16
SRR1661234	33232	demczuk2015	0.125	0.004	0.004	0.004
SRR1661235	33234	demczuk2015	0.125	0.004	0.002	0.004
SRR1661236	33244	demczuk2015	0.063	0.004	0.002	0.002
SRR1661237	33264	demczuk2015	0.125	0.004	0.004	0.004
SRR1661238	33288	demczuk2015	0.125	0.004	0.002	0.004
SRR1661239	33293	demczuk2015	0.125	0.004	0.004	0.004
SRR1661240	33295	demczuk2015	0.125	0.004	0.004	0.004
SRR1661241	33316	demczuk2015	0.125	0.004	0.004	0.004
SRR1661242	33375	demczuk2015	0.5	0.25	0.125	16
SRR1661243	33386	demczuk2015	1	0.016	0.063	16
SRR1661244	33442	demczuk2015	0.5	0.125	0.063	16
SRR1661245	33457	demczuk2015	1	0.25	0.125	16
SRR1661246	33467	demczuk2015	0.5	0.125	0.125	16
SRR1661247	33485	demczuk2015	0.5	0.125	0.125	16
SRR1661248	33492	demczuk2015	0.5	0.125	0.125	16
SRR1661249	33523	demczuk2015	1	0.125	0.063	16
SRR1661250	33546	demczuk2015	1	0.125	0.063	16
SRR1661251	33569	demczuk2015	0.5	0.125	0.125	16
SRR1661252	33577	demczuk2015	0.5	0.063	0.25	16
SRR1661253	33588	demczuk2015	0.25	0.25	0.125	16
SRR1661254	33608	demczuk2015	0.25	0.063	0.063	4
SRR1661255	33679	demczuk2015	0.032	0.004	0.002	0.004
SRR1661256	33680	demczuk2015	0.032	0.004	0.002	0.002
SRR1661257	33681	demczuk2015	0.063	0.004	0.004	0.002
SRR1661258	33756	demczuk2015	0.5	0.032	0.032	16
SRR1661259	33764	demczuk2015	0.5	0.25	0.125	16
SRR1661260	33828	demczuk2015	0.125	0.004	0.0005	0.002
SRR1661261	33898	demczuk2015	0.25	0.008	0.008	0.004
SRR1661262	33901	demczuk2015	1	0.008	0.008	16
SRR1661263	33965	demczuk2015	0.125	0.004	0.004	0.004
SRR1661264	33967	demczuk2015	0.125	0.002	0.0005	0.004
SRR1661265	33997	demczuk2015	1	0.032	0.016	4
SRR1661266	34067	demczuk2015	0.125	0.004	0.004	0.004
SRR1661267	34097	demczuk2015	0.063	0.004	0.004	0.004
SRR1661268	34225	demczuk2015	0.5	0.25	0.063	4
SRR1661269	34245	demczuk2015	0.25	0.125	0.063	4
SRR1661270	34344	demczuk2015	0.5	0.25	0.125	16
SRR1661271	34349	demczuk2015	0.5	0.25	0.125	16
SRR1661272	34359	demczuk2015	0.5	0.25	0.125	4
SRR1661273	34361	demczuk2015	0.5	0.125	0.063	16
SRR1661274	34421	demczuk2015	0.063	0.063	0.032	4
SRR1661276	34511	demczuk2015	0.5	0.125	0.063	16
SRR1661277	34522	demczuk2015	0.5	0.25	0.125	16
SRR1661278	34527	demczuk2015	0.5	0.125	0.063	16
SRR1661279	34530	demczuk2015	2	0.25	0.125	16
SRR1661280	34620	demczuk2015	0.032	0.016	0.008	4
SRR1661281	34638	demczuk2015	1	0.032	0.016	0.004
SRR1661282	34647	demczuk2015	0.25	0.004	0.004	0.004
SRR1661283	34651	demczuk2015	0.25	0.125	0.032	8
SRR1661284	34678	demczuk2015	0.25	0.125	0.032	8
SRR1661285	34688	demczuk2015	0.032	0.004	0.002	0.002
SRR1661286	34718	demczuk2015	0.125	0.004	0.002	0.004
SRR1661287	34740	demczuk2015	0.125	0.004	0.002	0.008
SRR1661288	34769	demczuk2015	0.125	0.002	0.004	0.004
SRR1661289	34772	demczuk2015	0.125	0.002	0.001	0.004
SRR1661290	34780	demczuk2015	0.25	0.004	0.004	0.004
SRR1661291	34796	demczuk2015	0.125	0.004	0.004	0.004
SRR1661292	34842	demczuk2015	0.5	8	2	16
SRR1661293	35169	demczuk2015	0.5	0.125	0.063	8
SRR1661294	35177	demczuk2015	0.5	0.25	0.125	16
SRR1661295	35220	demczuk2015	0.032	0.004	0.002	0.004
SRR1661296	35317	demczuk2015	0.063	0.063	0.063	16
SRR1661297	35323	demczuk2015	0.063	0.063	0.125	8
SRR1661298	35325	demczuk2015	0.5	0.125	0.063	16
SRR1661299	35330	demczuk2015	0.125	0.125	0.125	16
SRR1661300	35332	demczuk2015	0.063	0.063	0.125	8
SRR1661302	35334	demczuk2015	0.063	0.25	0.125	8
SRR1661303	35335	demczuk2015	0.063	0.063	0.063	8
SRR1661304	35336	demczuk2015	0.063	0.125	0.125	16
SRR1661305	35346	demczuk2015	0.063	0.063	0.125	8
SRR1661306	35352	demczuk2015	0.063	0.063	0.125	16
SRR1661307	35415	demczuk2015	0.5	0.125	0.063	16
SRR1661308	35416	demczuk2015	0.5	0.125	0.063	64
SRR1661309	35417	demczuk2015	0.25	0.016	0.125	64
SRR1661310	35423	demczuk2015	0.5	0.125	0.016	32
SRR1661311	35424	demczuk2015	0.5	0.125	0.063	16
SRR1661312	35425	demczuk2015	0.25	0.032	0.032	0.016
SRR1661313	35428	demczuk2015	0.25	0.016	0.032	0.004
SRR1661314	35433	demczuk2015	0.125	0.016	0.008	0.004
SRR1661315	35435	demczuk2015	8	0.125	0.125	16
SRR1661316	35439	demczuk2015	0.25	0.004	0.002	0.004
SRR1661317	35476	demczuk2015	0.032	0.004	0.004	0.002
SRR1661318	35477	demczuk2015	0.004	0.004	0.002	0.004
SRR1661319	35593	demczuk2015	0.125	0.002	0.001	0.004
SRR1661320	36090	demczuk2015	0.063	0.004	0.004	0.002
SRR1661321	36185	demczuk2015	0.125	0.004	0.004	0.004
SRR1661322	883218	demczuk2015	0.5	0.125	0.125	0.032
SRR1661323	ATCC49226	demczuk2015	0.5	0.032	0.016	0.004
SRR1661324	WHO-F	demczuk2015	0.125	0.016	0.001	0.004
SRR1661325	WHO-G	demczuk2015	0.25	0.016	0.008	0.125
SRR1661326	WHO-K	demczuk2015	0.25	0.5	0.064	64
SRR1661327	WHO-L	demczuk2015	0.5	0.25	0.125	32
SRR1661328	WHO-M	demczuk2015	0.25	0.008	0.012	1
SRR1661329	WHO-N	demczuk2015	0.125	0.008	0.004	4
SRR1661330	WHO-O	demczuk2015	0.25	0.016	0.032	0.016
SRR1661331	WHO-P	demczuk2015	2	0.016	0.004	0.004
SRR2736093	19095	demczuk2016	2	0.004	0.004	NA
SRR2736094	19156	demczuk2016	2	0.008	0.016	NA
SRR2736095	19255	demczuk2016	2	0.032	0.016	NA
SRR2736096	19328	demczuk2016	2	0.016	0.063	NA
SRR2736097	19366	demczuk2016	2	0.032	0.063	NA
SRR2736098	19398	demczuk2016	2	0.016	0.032	NA
SRR2736099	19418	demczuk2016	2	0.032	0.032	NA
SRR2736100	19432	demczuk2016	2	0.016	0.032	NA
SRR2736101	19433	demczuk2016	2	0.032	0.032	NA
SRR2736102	19439	demczuk2016	2	0.032	0.063	NA
SRR2736103	19446	demczuk2016	2	0.016	0.032	NA
SRR2736104	19486	demczuk2016	2	0.032	0.032	NA
SRR2736105	19491	demczuk2016	2	0.032	0.032	NA
SRR2736106	19492	demczuk2016	2	0.032	0.063	NA
SRR2736107	19501	demczuk2016	2	0.008	0.008	NA
SRR2736108	20359	demczuk2016	2	0.008	0.016	NA
SRR2736109	20360	demczuk2016	2	0.008	0.008	NA
SRR2736110	20869	demczuk2016	4	0.016	0.008	NA
SRR2736111	20870	demczuk2016	4	0.008	0.008	NA
SRR2736112	21280	demczuk2016	2	0.008	0.016	NA
SRR2736113	21283	demczuk2016	2	0.016	0.008	NA
SRR2736114	21295	demczuk2016	2	0.008	0.008	NA
SRR2736115	21297	demczuk2016	2	0.008	0.008	NA
SRR2736116	21414	demczuk2016	2	0.016	0.016	NA
SRR2736117	21505	demczuk2016	2	0.032	0.016	NA
SRR2736118	21631	demczuk2016	1	0.008	0.016	NA
SRR2736119	21648	demczuk2016	2	0.016	0.032	NA
SRR2736120	21959	demczuk2016	2	0.016	0.016	NA
SRR2736121	21960	demczuk2016	2	0.016	0.016	NA
SRR2736122	22223	demczuk2016	2	0.032	0.016	NA
SRR2736123	22247	demczuk2016	2	0.016	0.016	NA
SRR2736124	22484	demczuk2016	2	0.032	0.016	NA
SRR2736125	23545	demczuk2016	2	0.016	0.016	NA
SRR2736126	23814	demczuk2016	2	0.032	0.063	NA
SRR2736127	24069	demczuk2016	2	0.016	0.032	NA
SRR2736128	24201	demczuk2016	2	0.016	0.063	NA
SRR2736129	25452	demczuk2016	8	0.016	0.016	NA
SRR2736130	26502	demczuk2016	4	0.016	0.008	NA
SRR2736131	26629	demczuk2016	4	0.008	0.004	NA
SRR2736132	26748	demczuk2016	4	0.016	0.016	NA
SRR2736133	26891	demczuk2016	4	0.032	0.008	NA
SRR2736134	26967	demczuk2016	1024	0.032	0.016	NA
SRR2736135	27040	demczuk2016	2	0.008	0.008	NA
SRR2736136	27046	demczuk2016	4	0.032	0.016	NA
SRR2736137	27455	demczuk2016	2	0.016	0.008	NA
SRR2736138	27632	demczuk2016	8	0.016	0.032	NA
SRR2736139	27633	demczuk2016	16	0.016	0.032	NA
SRR2736140	27924	demczuk2016	4	0.008	0.008	NA
SRR2736141	28194	demczuk2016	8	0.016	0.032	NA
SRR2736142	28759	demczuk2016	16	0.008	0.008	NA
SRR2736143	29151	demczuk2016	4	0.032	0.032	NA
SRR2736144	29360	demczuk2016	8	0.032	0.008	NA
SRR2736145	29362	demczuk2016	8	0.032	0.004	NA
SRR2736146	30014	demczuk2016	2	0.016	0.032	NA
SRR2736147	30198	demczuk2016	2	0.016	0.032	NA
SRR2736148	30220	demczuk2016	2	0.032	0.032	NA
SRR2736149	30248	demczuk2016	2	0.032	0.063	NA
SRR2736150	30374	demczuk2016	0.5	0.125	0.063	NA
SRR2736151	30382	demczuk2016	2	0.016	0.063	NA
SRR2736152	30616	demczuk2016	8	0.032	0.008	NA
SRR2736153	30617	demczuk2016	8	0.032	0.008	NA
SRR2736154	30978	demczuk2016	16	0.063	0.063	NA
SRR2736155	31138	demczuk2016	4	0.063	0.032	NA
SRR2736156	31182	demczuk2016	4	0.032	0.032	NA
SRR2736157	31256	demczuk2016	32	0.032	0.063	NA
SRR2736158	31408	demczuk2016	8	0.032	0.032	NA
SRR2736159	31636	demczuk2016	2	0.008	0.008	NA
SRR2736160	31804	demczuk2016	16	0.125	0.063	NA
SRR2736161	31812	demczuk2016	16	0.125	0.063	NA
SRR2736162	31821	demczuk2016	16	0.125	0.063	NA
SRR2736163	31822	demczuk2016	16	0.125	0.063	NA
SRR2736164	32151	demczuk2016	2	0.063	0.063	NA
SRR2736165	32402	demczuk2016	2	0.008	0.008	NA
SRR2736166	32648	demczuk2016	8	0.016	0.063	NA
SRR2736167	32928	demczuk2016	2	0.032	0.063	NA
SRR2736168	32956	demczuk2016	16	0.032	0.063	NA
SRR2736169	33121	demczuk2016	4	0.008	0.008	NA
SRR2736170	33128	demczuk2016	4	0.008	0.008	NA
SRR2736171	33133	demczuk2016	4	0.008	0.008	NA
SRR2736172	33136	demczuk2016	2	0.008	0.008	NA
SRR2736173	33137	demczuk2016	4	0.008	0.008	NA
SRR2736174	33144	demczuk2016	4	0.016	0.008	NA
SRR2736175	33383	demczuk2016	2	0.032	0.063	NA
SRR2736177	33404	demczuk2016	2	0.032	0.063	NA
SRR2736179	33630	demczuk2016	4	0.008	0.004	NA
SRR2736180	33632	demczuk2016	4	0.008	0.008	NA
SRR2736181	33637	demczuk2016	4	0.008	0.004	NA
SRR2736182	33638	demczuk2016	4	0.032	0.004	NA
SRR2736183	33647	demczuk2016	4	0.008	0.008	NA
SRR2736184	33648	demczuk2016	4	0.008	0.008	NA
SRR2736185	33660	demczuk2016	2	0.032	0.063	NA
SRR2736186	33661	demczuk2016	2	0.032	0.063	NA
SRR2736187	33759	demczuk2016	8	0.016	0.004	NA
SRR2736188	33815	demczuk2016	8	0.008	0.004	NA
SRR2736189	33817	demczuk2016	8	0.016	0.004	NA
SRR2736190	33825	demczuk2016	8	0.004	0.004	NA
SRR2736191	33858	demczuk2016	8	0.008	0.004	NA
SRR2736192	33890	demczuk2016	8	0.008	0.004	NA
SRR2736193	33904	demczuk2016	8	0.016	0.016	NA
SRR2736194	33922	demczuk2016	8	0.004	0.004	NA
SRR2736195	33925	demczuk2016	8	0.004	0.004	NA
SRR2736196	33934	demczuk2016	8	0.004	0.004	NA
SRR2736197	33935	demczuk2016	8	0.004	0.002	NA
SRR2736198	33969	demczuk2016	2	0.125	0.063	NA
SRR2736199	34099	demczuk2016	8	0.125	0.063	NA
SRR2736200	34106	demczuk2016	4	0.008	0.008	NA
SRR2736201	34108	demczuk2016	4	0.016	0.016	NA
SRR2736202	34123	demczuk2016	16	0.008	0.008	NA
SRR2736203	34131	demczuk2016	1024	0.032	0.063	NA
SRR2736204	34565	demczuk2016	4	0.032	0.063	NA
SRR2736205	34572	demczuk2016	8	0.032	0.063	NA
SRR2736206	34600	demczuk2016	16	0.032	0.016	NA
SRR2736207	34605	demczuk2016	16	0.032	0.016	NA
SRR2736208	34615	demczuk2016	16	0.016	0.008	NA
SRR2736209	34639	demczuk2016	16	0.032	0.032	NA
SRR2736210	34745	demczuk2016	4	0.016	0.008	NA
SRR2736211	34851	demczuk2016	1	0.016	0.008	NA
SRR2736212	35042	demczuk2016	8	0.032	0.032	NA
SRR2736213	35211	demczuk2016	2	0.032	0.032	NA
SRR2736214	35410	demczuk2016	1024	0.016	0.032	NA
SRR2736215	35442	demczuk2016	8	0.063	0.063	NA
SRR2736216	35443	demczuk2016	8	0.063	0.063	NA
SRR2736217	35444	demczuk2016	16	0.016	0.016	NA
SRR2736218	35507	demczuk2016	0.25	0.032	0.016	NA
SRR2736219	35541	demczuk2016	8	0.016	0.016	NA
SRR2736220	35570	demczuk2016	16	0.125	0.063	NA
SRR2736221	35594	demczuk2016	16	0.063	0.032	NA
SRR2736222	35809	demczuk2016	8	0.125	0.125	NA
SRR2736223	35835	demczuk2016	16	0.125	0.125	NA
SRR2736224	35846	demczuk2016	8	0.125	0.125	NA
SRR2736225	35908	demczuk2016	16	0.016	0.016	NA
SRR2736226	35917	demczuk2016	8	0.125	0.125	NA
SRR2736227	35987	demczuk2016	8	0.125	0.125	NA
SRR2736228	36021	demczuk2016	8	0.25	0.125	NA
SRR2736229	36029	demczuk2016	8	0.25	0.125	NA
SRR2736230	36037	demczuk2016	8	0.125	0.125	NA
SRR2736231	36045	demczuk2016	8	0.016	0.032	NA
SRR2736232	36058	demczuk2016	8	0.125	0.125	NA
SRR2736233	36160	demczuk2016	8	0.008	0.008	NA
SRR2736234	36171	demczuk2016	8	0.032	0.008	NA
SRR2736235	36172	demczuk2016	8	0.008	0.004	NA
SRR2736236	36182	demczuk2016	8	0.008	0.008	NA
SRR2736237	36192	demczuk2016	8	0.008	0.008	NA
SRR2736238	36293	demczuk2016	2	0.008	0.008	NA
SRR2736239	36294	demczuk2016	2	0.008	0.008	NA
SRR2736240	36296	demczuk2016	8	0.008	0.008	NA
SRR2736241	36350	demczuk2016	8	0.125	0.032	NA
SRR2736242	36361	demczuk2016	16	0.032	0.016	NA
SRR2736243	36391	demczuk2016	8	0.063	0.063	NA
SRR2736244	36441	demczuk2016	8	0.063	0.032	NA
SRR2736245	36442	demczuk2016	8	0.125	0.063	NA
SRR2736246	36443	demczuk2016	8	0.125	0.063	NA
SRR2736247	36650	demczuk2016	8	0.25	0.063	NA
SRR2736248	36690	demczuk2016	8	0.063	0.063	NA
SRR2736249	36746	demczuk2016	2	0.016	0.032	NA
SRR2736250	36945	demczuk2016	8	0.008	0.004	NA
SRR2736251	36946	demczuk2016	16	0.008	0.004	NA
SRR2736252	36948	demczuk2016	8	0.008	0.004	NA
SRR2736253	36952	demczuk2016	2	0.008	0.004	NA
SRR2736254	37021	demczuk2016	16	0.25	0.25	NA
SRR2736255	37086	demczuk2016	2	0.032	0.032	NA
SRR2736256	37088	demczuk2016	2	0.016	0.032	NA
SRR2736257	37094	demczuk2016	8	0.032	0.032	NA
SRR2736258	37308	demczuk2016	16	0.063	0.063	NA
SRR2736259	37320	demczuk2016	16	0.125	0.063	NA
SRR2736260	37327	demczuk2016	2	0.5	0.125	NA
SRR2736261	37350	demczuk2016	2	0.032	0.032	NA
SRR2736262	37413	demczuk2016	2	0.032	0.032	NA
SRR2736263	37456	demczuk2016	8	0.125	0.063	NA
SRR2736264	37510	demczuk2016	16	0.125	0.063	NA
SRR2736265	37535	demczuk2016	8	0.125	0.063	NA
SRR2736266	37540	demczuk2016	4	0.063	0.032	NA
SRR2736267	37576	demczuk2016	8	0.004	0.004	NA
SRR2736268	37599	demczuk2016	8	0.016	0.008	NA
SRR2736269	37624	demczuk2016	2	0.032	0.008	NA
SRR2736270	37635	demczuk2016	0.063	0.032	0.008	NA
SRR2736271	37649	demczuk2016	4	0.016	0.008	NA
SRR2736272	37654	demczuk2016	4	0.008	0.008	NA
SRR2736273	37748	demczuk2016	8	0.032	0.032	NA
SRR2736274	37750	demczuk2016	8	0.032	0.032	NA
SRR2736275	37790	demczuk2016	2	0.032	0.032	NA
SRR2736276	37867	demczuk2016	8	0.125	0.032	NA
SRR2736277	37868	demczuk2016	8	0.125	0.063	NA
SRR2736278	38129	demczuk2016	8	0.008	0.004	NA
SRR2736279	38130	demczuk2016	16	0.125	0.063	NA
SRR2736280	38131	demczuk2016	2	0.125	0.125	NA
SRR2736281	38132	demczuk2016	2	0.032	0.016	NA
SRR2736282	38133	demczuk2016	8	0.008	0.004	NA
SRR2736283	38134	demczuk2016	8	0.008	0.004	NA
SRR2736284	38135	demczuk2016	8	0.016	0.008	NA
SRR2736285	38136	demczuk2016	8	0.008	0.004	NA
SRR2736286	38137	demczuk2016	8	0.008	0.004	NA
SRR2736287	38138	demczuk2016	8	0.004	0.008	NA
SRR2736288	38139	demczuk2016	8	0.016	0.008	NA
SRR2736289	38140	demczuk2016	8	0.004	0.004	NA
SRR2736290	38141	demczuk2016	4	0.016	0.032	NA
SRR2736291	38142	demczuk2016	8	0.016	0.004	NA
SRR2736292	38143	demczuk2016	8	0.008	0.008	NA
SRR2736293	38144	demczuk2016	2	0.016	0.008	NA
SRR2736294	38145	demczuk2016	2	0.016	0.008	NA
SRR2736295	38150	demczuk2016	8	0.008	0.004	NA
SRR2736296	38152	demczuk2016	8	0.008	0.004	NA
SRR2736297	38155	demczuk2016	8	0.016	0.004	NA
SRR2736298	38156	demczuk2016	2	0.016	0.008	NA
SRR2736299	38158	demczuk2016	8	0.032	0.008	NA
SRR2736300	38196	demczuk2016	8	0.008	0.004	NA
SRR2736301	38197	demczuk2016	1	0.008	0.008	NA
SRR2736302	38198	demczuk2016	4	0.008	0.004	NA
SRR2736303	38199	demczuk2016	8	0.008	0.004	NA
SRR2736304	38200	demczuk2016	2	0.016	0.008	NA
SRR2736305	38201	demczuk2016	2	0.016	0.008	NA
SRR2736306	38202	demczuk2016	8	0.016	0.008	NA
